Class,RVNumber,SubClass,TOPSNumber,Name,Blueprint
Class47_dom,47001A6H780,47/0,47001,(VP-47) Class 47/0 BR Blue DO,RailVehicles\Diesel\Class47_rf2\BlueNoHL\Engine\47_NoETH_Dom\class47_br0_Dom.xml
Class47_dom,47002B1S670,47/0,47002,(VP-47) Class 47/0 BR Blue DO,RailVehicles\Diesel\Class47_rf2\BlueNoHL\Engine\47_NoETH_Dom\class47_br0_Dom.xml
Class47_dom,47003R6J370,47/0,47003,(VP-47) Class 47/0 GR BR Blue DO,RailVehicles\Diesel\Class47_rf2\BlueNoHL\Engine_Grey\47_NoETH_Dom\class47_br0_Dom.xml
Class47_dom,47004R7I500,47/0,47004,(VP-47) Class 47/0 GR BR Blue DO,RailVehicles\Diesel\Class47_rf2\BlueNoHL\Engine_Grey\47_NoETH_Dom\class47_br0_Dom.xml
Class47_dom,47005R1N920,47/0,47005,(VP-47) Class 47/0 GR BR Blue DO,RailVehicles\Diesel\Class47_rf2\BlueNoHL\Engine_Grey\47_NoETH_Dom\class47_br0_Dom.xml
Class47_dom,47006R2T690,47/0,47006,(VP-47) Class 47/0 GR BR Blue DO,RailVehicles\Diesel\Class47_rf2\BlueNoHL\Engine_Grey\47_NoETH_Dom\class47_br0_Dom.xml
Class47_dom,47007R6C730,47/0,47007,(VP-47) Class 47/0 GR BR Blue DO,RailVehicles\Diesel\Class47_rf2\BlueNoHL\Engine_Grey\47_NoETH_Dom\class47_br0_Dom.xml
Class47_dom,47008R7G370,47/0,47008,(VP-47) Class 47/0 GR BR Blue DO,RailVehicles\Diesel\Class47_rf2\BlueNoHL\Engine_Grey\47_NoETH_Dom\class47_br0_Dom.xml
Class47_dom,47009G5X640,47/0,47009,(VP-47) Class 47/0 GR BR Blue DO,RailVehicles\Diesel\Class47_rf2\BlueNoHL\Engine_Grey\47_NoETH_Dom\class47_br0_Dom.xml
Class47_dom,47010R2G610,47/0,47010,(VP-47) Class 47/0 GR BR Blue DO,RailVehicles\Diesel\Class47_rf2\BlueNoHL\Engine_Grey\47_NoETH_Dom\class47_br0_Dom.xml
Class47_dom,47011G0J970,47/0,47011,(VP-47) Class 47/0 GR BR Blue DO,RailVehicles\Diesel\Class47_rf2\BlueNoHL\Engine_Grey\47_NoETH_Dom\class47_br0_Dom.xml
Class47_dom,47012B3C380,47/0,47012,(VP-47) Class 47/0 BR Blue DO,RailVehicles\Diesel\Class47_rf2\BlueNoHL\Engine\47_NoETH_Dom\class47_br0_Dom.xml
Class47_dom,47013B1A790,47/0,47013,(VP-47) Class 47/0 GR BR Blue DO,RailVehicles\Diesel\Class47_rf2\BlueNoHL\Engine_Grey\47_NoETH_Dom\class47_br0_Dom.xml
Class47_dom,47014R8P300,47/0,47014,(VP-47) Class 47/0 GR BR Blue DO,RailVehicles\Diesel\Class47_rf2\BlueNoHL\Engine_Grey\47_NoETH_Dom\class47_br0_Dom.xml
Class47_dom,47015B2L410,47/0,47015,(VP-47) Class 47/0 BR Blue DO,RailVehicles\Diesel\Class47_rf2\BlueNoHL\Engine\47_NoETH_Dom\class47_br0_Dom.xml
Class47_dom,47016R9Z350,47/0,47016,(VP-47) Class 47/0 GR BR Blue DO,RailVehicles\Diesel\Class47_rf2\BlueNoHL\Engine_Grey\47_NoETH_Dom\class47_br0_Dom.xml
Class47_dom,47096A4O090,47/0,47096,(VP-47) Class 47/0 BR Blue DO,RailVehicles\Diesel\Class47_rf2\BlueNoHL\Engine\47_NoETH_Dom\class47_br0_Dom.xml
Class47_dom,47097R9Q240,47/0,47097,(VP-47) Class 47/0 GR BR Blue DO,RailVehicles\Diesel\Class47_rf2\BlueNoHL\Engine_Grey\47_NoETH_Dom\class47_br0_Dom.xml
Class47_dom,47098C6L880,47/0,47098,(VP-47) Class 47/0 BR Blue DO,RailVehicles\Diesel\Class47_rf2\BlueNoHL\Engine\47_NoETH_Dom\class47_br0_Dom.xml
Class47_dom,47099R8G240,47/0,47099,(VP-47) Class 47/0 GR BR Blue DO,RailVehicles\Diesel\Class47_rf2\BlueNoHL\Engine_Grey\47_NoETH_Dom\class47_br0_Dom.xml
Class47_dom,47100R5S840,47/0,47100,(VP-47) Class 47/0 GR BR Blue DO,RailVehicles\Diesel\Class47_rf2\BlueNoHL\Engine_Grey\47_NoETH_Dom\class47_br0_Dom.xml
Class47_dom,47101A3P130,47/0,47101,(VP-47) Class 47/0 BR Blue DO,RailVehicles\Diesel\Class47_rf2\BlueNoHL\Engine\47_NoETH_Dom\class47_br0_Dom.xml
Class47_dom,47102C2J000,47/0,47102,(VP-47) Class 47/0 BR Blue DO,RailVehicles\Diesel\Class47_rf2\BlueNoHL\Engine\47_NoETH_Dom\class47_br0_Dom.xml
Class47_dom,47103D8O970,47/0,47103,(VP-47) Class 47/0 BR Blue DO,RailVehicles\Diesel\Class47_rf2\BlueNoHL\Engine\47_NoETH_Dom\class47_br0_Dom.xml
Class47_dom,47104A6L790,47/0,47104,(VP-47) Class 47/0 BR Blue DO,RailVehicles\Diesel\Class47_rf2\BlueNoHL\Engine\47_NoETH_Dom\class47_br0_Dom.xml
Class47_dom,47105D6A480,47/0,47105,(VP-47) Class 47/0 BR Blue DO,RailVehicles\Diesel\Class47_rf2\BlueNoHL\Engine\47_NoETH_Dom\class47_br0_Dom.xml
Class47_dom,47106A3W990,47/0,47106,(VP-47) Class 47/0 BR Blue DO,RailVehicles\Diesel\Class47_rf2\BlueNoHL\Engine\47_NoETH_Dom\class47_br0_Dom.xml
Class47_dom,47107B8R440,47/0,47107,(VP-47) Class 47/0 BR Blue DO,RailVehicles\Diesel\Class47_rf2\BlueNoHL\Engine\47_NoETH_Dom\class47_br0_Dom.xml
Class47_dom,47108B1O260,47/0,47108,(VP-47) Class 47/0 BR Blue DO,RailVehicles\Diesel\Class47_rf2\BlueNoHL\Engine\47_NoETH_Dom\class47_br0_Dom.xml
Class47_dom,47109B1D880,47/0,47109,(VP-47) Class 47/0 BR Blue DO,RailVehicles\Diesel\Class47_rf2\BlueNoHL\Engine\47_NoETH_Dom\class47_br0_Dom.xml
Class47_dom,47110B6C720,47/0,47110,(VP-47) Class 47/0 BR Blue DO,RailVehicles\Diesel\Class47_rf2\BlueNoHL\Engine\47_NoETH_Dom\class47_br0_Dom.xml
Class47_dom,47111A4H240,47/0,47111,(VP-47) Class 47/0 BR Blue DO,RailVehicles\Diesel\Class47_rf2\BlueNoHL\Engine\47_NoETH_Dom\class47_br0_Dom.xml
Class47_dom,47112R7O450,47/0,47112,(VP-47) Class 47/0 GR BR Blue DO,RailVehicles\Diesel\Class47_rf2\BlueNoHL\Engine_Grey\47_NoETH_Dom\class47_br0_Dom.xml
Class47_dom,47113B3E600,47/0,47113,(VP-47) Class 47/0 BR Blue DO,RailVehicles\Diesel\Class47_rf2\BlueNoHL\Engine\47_NoETH_Dom\class47_br0_Dom.xml
Class47_dom,47114R3W060,47/0,47114,(VP-47) Class 47/0 GR BR Blue DO,RailVehicles\Diesel\Class47_rf2\BlueNoHL\Engine_Grey\47_NoETH_Dom\class47_br0_Dom.xml
Class47_dom,47115R9W720,47/0,47115,(VP-47) Class 47/0 GR BR Blue DO,RailVehicles\Diesel\Class47_rf2\BlueNoHL\Engine_Grey\47_NoETH_Dom\class47_br0_Dom.xml
Class47_dom,47116R5L610,47/0,47116,(VP-47) Class 47/0 GR BR Blue DO,RailVehicles\Diesel\Class47_rf2\BlueNoHL\Engine_Grey\47_NoETH_Dom\class47_br0_Dom.xml
Class47_dom,47117R3D010,47/0,47117,(VP-47) Class 47/0 GR BR Blue DO,RailVehicles\Diesel\Class47_rf2\BlueNoHL\Engine_Grey\47_NoETH_Dom\class47_br0_Dom.xml
Class47_dom,47118M1V900,47/0,47118,(VP-47) Class 47/0 GR BR Blue DO,RailVehicles\Diesel\Class47_rf2\BlueNoHL\Engine_Grey\47_NoETH_Dom\class47_br0_Dom.xml
Class47_dom,47119A3Z770,47/0,47119,(VP-47) Class 47/0 BR Blue DO,RailVehicles\Diesel\Class47_rf2\BlueNoHL\Engine\47_NoETH_Dom\class47_br0_Dom.xml
Class47_dom,47120B5L720,47/0,47120,(VP-47) Class 47/0 BR Blue DO,RailVehicles\Diesel\Class47_rf2\BlueNoHL\Engine\47_NoETH_Dom\class47_br0_Dom.xml
Class47_dom,47121A7P480,47/0,47121,(VP-47) Class 47/0 BR Blue DO,RailVehicles\Diesel\Class47_rf2\BlueNoHL\Engine\47_NoETH_Dom\class47_br0_Dom.xml
Class47_dom,47122A8R930,47/0,47122,(VP-47) Class 47/0 BR Blue DO,RailVehicles\Diesel\Class47_rf2\BlueNoHL\Engine\47_NoETH_Dom\class47_br0_Dom.xml
Class47_dom,47123D2L790,47/0,47123,(VP-47) Class 47/0 BR Blue DO,RailVehicles\Diesel\Class47_rf2\BlueNoHL\Engine\47_NoETH_Dom\class47_br0_Dom.xml
Class47_dom,47124A5N420,47/0,47124,(VP-47) Class 47/0 BR Blue DO,RailVehicles\Diesel\Class47_rf2\BlueNoHL\Engine\47_NoETH_Dom\class47_br0_Dom.xml
Class47_dom,47125A3W760,47/0,47125,(VP-47) Class 47/0 BR Blue DO,RailVehicles\Diesel\Class47_rf2\BlueNoHL\Engine\47_NoETH_Dom\class47_br0_Dom.xml
Class47_dom,47126C9U590,47/0,47126,(VP-47) Class 47/0 BR Blue DO,RailVehicles\Diesel\Class47_rf2\BlueNoHL\Engine\47_NoETH_Dom\class47_br0_Dom.xml
Class47_dom,47128A0M030,47/0,47128,(VP-47) Class 47/0 BR Blue DO,RailVehicles\Diesel\Class47_rf2\BlueNoHL\Engine\47_NoETH_Dom\class47_br0_Dom.xml
Class47_dom,47129A2M030,47/0,47129,(VP-47) Class 47/0 BR Blue DO,RailVehicles\Diesel\Class47_rf2\BlueNoHL\Engine\47_NoETH_Dom\class47_br0_Dom.xml
Class47_dom,47130R3B940,47/0,47130,(VP-47) Class 47/0 GR BR Blue DO,RailVehicles\Diesel\Class47_rf2\BlueNoHL\Engine_Grey\47_NoETH_Dom\class47_br0_Dom.xml
Class47_dom,47131A8C800,47/0,47131,(VP-47) Class 47/0 BR Blue DO,RailVehicles\Diesel\Class47_rf2\BlueNoHL\Engine\47_NoETH_Dom\class47_br0_Dom.xml
Class47_dom,47134A6V570,47/0,47134,(VP-47) Class 47/0 BR Blue DO,RailVehicles\Diesel\Class47_rf2\BlueNoHL\Engine\47_NoETH_Dom\class47_br0_Dom.xml
Class47_dom,47135C8C740,47/0,47135,(VP-47) Class 47/0 BR Blue DO,RailVehicles\Diesel\Class47_rf2\BlueNoHL\Engine\47_NoETH_Dom\class47_br0_Dom.xml
Class47_dom,47136A5T680,47/0,47136,(VP-47) Class 47/0 BR Blue DO,RailVehicles\Diesel\Class47_rf2\BlueNoHL\Engine\47_NoETH_Dom\class47_br0_Dom.xml
Class47_dom,47137A2Q700,47/0,47137,(VP-47) Class 47/0 BR Blue DO,RailVehicles\Diesel\Class47_rf2\BlueNoHL\Engine\47_NoETH_Dom\class47_br0_Dom.xml
Class47_dom,47138A7F360,47/0,47138,(VP-47) Class 47/0 BR Blue DO,RailVehicles\Diesel\Class47_rf2\BlueNoHL\Engine\47_NoETH_Dom\class47_br0_Dom.xml
Class47_dom,47140A4Z550,47/0,47140,(VP-47) Class 47/0 BR Blue DO,RailVehicles\Diesel\Class47_rf2\BlueNoHL\Engine\47_NoETH_Dom\class47_br0_Dom.xml
Class47_dom,47141F9Z680,47/0,47141,(VP-47) Class 47/0 BR Blue DO,RailVehicles\Diesel\Class47_rf2\BlueNoHL\Engine\47_NoETH_Dom\class47_br0_Dom.xml
Class47_dom,47142A2K720,47/0,47142,(VP-47) Class 47/0 BR Blue DO,RailVehicles\Diesel\Class47_rf2\BlueNoHL\Engine\47_NoETH_Dom\class47_br0_Dom.xml
Class47_dom,47143B3B320,47/0,47143,(VP-47) Class 47/0 BR Blue DO,RailVehicles\Diesel\Class47_rf2\BlueNoHL\Engine\47_NoETH_Dom\class47_br0_Dom.xml
Class47_dom,47144A6A280,47/0,47144,(VP-47) Class 47/0 BR Blue DO,RailVehicles\Diesel\Class47_rf2\BlueNoHL\Engine\47_NoETH_Dom\class47_br0_Dom.xml
Class47_dom,47145D7F930,47/0,47145,(VP-47) Class 47/0 BR Blue DO,RailVehicles\Diesel\Class47_rf2\BlueNoHL\Engine\47_NoETH_Dom\class47_br0_Dom.xml
Class47_dom,47146D3T510,47/0,47146,(VP-47) Class 47/0 BR Blue DO,RailVehicles\Diesel\Class47_rf2\BlueNoHL\Engine\47_NoETH_Dom\class47_br0_Dom.xml
Class47_dom,47147A2E710,47/0,47147,(VP-47) Class 47/0 BR Blue DO,RailVehicles\Diesel\Class47_rf2\BlueNoHL\Engine\47_NoETH_Dom\class47_br0_Dom.xml
Class47_dom,47148A3U080,47/0,47148,(VP-47) Class 47/0 BR Blue DO,RailVehicles\Diesel\Class47_rf2\BlueNoHL\Engine\47_NoETH_Dom\class47_br0_Dom.xml
Class47_dom,47149B3H900,47/0,47149,(VP-47) Class 47/0 BR Blue DO,RailVehicles\Diesel\Class47_rf2\BlueNoHL\Engine\47_NoETH_Dom\class47_br0_Dom.xml
Class47_dom,47150R2G180,47/0,47150,(VP-47) Class 47/0 GR BR Blue DO,RailVehicles\Diesel\Class47_rf2\BlueNoHL\Engine_Grey\47_NoETH_Dom\class47_br0_Dom.xml
Class47_dom,47151B6F240,47/0,47151,(VP-47) Class 47/0 BR Blue DO,RailVehicles\Diesel\Class47_rf2\BlueNoHL\Engine\47_NoETH_Dom\class47_br0_Dom.xml
Class47_dom,47152A4X980,47/0,47152,(VP-47) Class 47/0 BR Blue DO,RailVehicles\Diesel\Class47_rf2\BlueNoHL\Engine\47_NoETH_Dom\class47_br0_Dom.xml
Class47_dom,47155C3J360,47/0,47155,(VP-47) Class 47/0 BR Blue DO,RailVehicles\Diesel\Class47_rf2\BlueNoHL\Engine\47_NoETH_Dom\class47_br0_Dom.xml
Class47_dom,47156H2Z250,47/0,47156,(VP-47) Class 47/0 GR BR Blue DO,RailVehicles\Diesel\Class47_rf2\BlueNoHL\Engine_Grey\47_NoETH_Dom\class47_br0_Dom.xml
Class47_dom,47157A0C420,47/0,47157,(VP-47) Class 47/0 BR Blue DO,RailVehicles\Diesel\Class47_rf2\BlueNoHL\Engine\47_NoETH_Dom\class47_br0_Dom.xml
Class47_dom,47158R1D620,47/0,47158,(VP-47) Class 47/0 GR BR Blue DO,RailVehicles\Diesel\Class47_rf2\BlueNoHL\Engine_Grey\47_NoETH_Dom\class47_br0_Dom.xml
Class47_dom,47159R4E270,47/0,47159,(VP-47) Class 47/0 GR BR Blue DO,RailVehicles\Diesel\Class47_rf2\BlueNoHL\Engine_Grey\47_NoETH_Dom\class47_br0_Dom.xml
Class47_dom,47160F6H290,47/0,47160,(VP-47) Class 47/0 BR Blue DO,RailVehicles\Diesel\Class47_rf2\BlueNoHL\Engine\47_NoETH_Dom\class47_br0_Dom.xml
Class47_dom,47162D0O580,47/0,47162,(VP-47) Class 47/0 GR BR Blue DO,RailVehicles\Diesel\Class47_rf2\BlueNoHL\Engine_Grey\47_NoETH_Dom\class47_br0_Dom.xml
Class47_dom,47163R5D220,47/0,47163,(VP-47) Class 47/0 BR Blue DO,RailVehicles\Diesel\Class47_rf2\BlueNoHL\Engine\47_NoETH_Dom\class47_br0_Dom.xml
Class47_dom,47164R4B340,47/0,47164,(VP-47) Class 47/0 BR Blue DO,RailVehicles\Diesel\Class47_rf2\BlueNoHL\Engine\47_NoETH_Dom\class47_br0_Dom.xml
Class47_dom,47165B4G420,47/0,47165,(VP-47) Class 47/0 BR Blue DO,RailVehicles\Diesel\Class47_rf2\BlueNoHL\Engine\47_NoETH_Dom\class47_br0_Dom.xml
Class47_dom,47166D5B660,47/0,47166,(VP-47) Class 47/0 BR Blue DO,RailVehicles\Diesel\Class47_rf2\BlueNoHL\Engine\47_NoETH_Dom\class47_br0_Dom.xml
Class47_dom,47167L1N820,47/0,47167,(VP-47) Class 47/0 BR Blue DO,RailVehicles\Diesel\Class47_rf2\BlueNoHL\Engine\47_NoETH_Dom\class47_br0_Dom.xml
Class47_dom,47168L7S450,47/0,47168,(VP-47) Class 47/0 BR Blue DO,RailVehicles\Diesel\Class47_rf2\BlueNoHL\Engine\47_NoETH_Dom\class47_br0_Dom.xml
Class47_dom,47169L7X920,47/0,47169,(VP-47) Class 47/0 BR Blue DO,RailVehicles\Diesel\Class47_rf2\BlueNoHL\Engine\47_NoETH_Dom\class47_br0_Dom.xml
Class47_dom,47170L7K120,47/0,47170,(VP-47) Class 47/0 BR Blue DO,RailVehicles\Diesel\Class47_rf2\BlueNoHL\Engine\47_NoETH_Dom\class47_br0_Dom.xml
Class47_dom,47171D9A080,47/0,47171,(VP-47) Class 47/0 BR Blue DO,RailVehicles\Diesel\Class47_rf2\BlueNoHL\Engine\47_NoETH_Dom\class47_br0_Dom.xml
Class47_dom,47172L0G150,47/0,47172,(VP-47) Class 47/0 BR Blue DO,RailVehicles\Diesel\Class47_rf2\BlueNoHL\Engine\47_NoETH_Dom\class47_br0_Dom.xml
Class47_dom,47173L3I360,47/0,47173,(VP-47) Class 47/0 BR Blue DO,RailVehicles\Diesel\Class47_rf2\BlueNoHL\Engine\47_NoETH_Dom\class47_br0_Dom.xml
Class47_dom,47174L1M060,47/0,47174,(VP-47) Class 47/0 BR Blue DO,RailVehicles\Diesel\Class47_rf2\BlueNoHL\Engine\47_NoETH_Dom\class47_br0_Dom.xml
Class47_dom,47175L4A460,47/0,47175,(VP-47) Class 47/0 BR Blue DO,RailVehicles\Diesel\Class47_rf2\BlueNoHL\Engine\47_NoETH_Dom\class47_br0_Dom.xml
Class47_dom,47176L3K410,47/0,47176,(VP-47) Class 47/0 BR Blue DO,RailVehicles\Diesel\Class47_rf2\BlueNoHL\Engine\47_NoETH_Dom\class47_br0_Dom.xml
Class47_dom,47186D7J080,47/0,47186,(VP-47) Class 47/0 BR Blue DO,RailVehicles\Diesel\Class47_rf2\BlueNoHL\Engine\47_NoETH_Dom\class47_br0_Dom.xml
Class47_dom,47187B2T680,47/0,47187,(VP-47) Class 47/0 BR Blue DO,RailVehicles\Diesel\Class47_rf2\BlueNoHL\Engine\47_NoETH_Dom\class47_br0_Dom.xml
Class47_dom,47188B6R570,47/0,47188,(VP-47) Class 47/0 BR Blue DO,RailVehicles\Diesel\Class47_rf2\BlueNoHL\Engine\47_NoETH_Dom\class47_br0_Dom.xml
Class47_dom,47189B1Y430,47/0,47189,(VP-47) Class 47/0 BR Blue DO,RailVehicles\Diesel\Class47_rf2\BlueNoHL\Engine\47_NoETH_Dom\class47_br0_Dom.xml
Class47_dom,47190C0C930,47/0,47190,(VP-47) Class 47/0 BR Blue DO,RailVehicles\Diesel\Class47_rf2\BlueNoHL\Engine\47_NoETH_Dom\class47_br0_Dom.xml
Class47_dom,47191B5Q710,47/0,47191,(VP-47) Class 47/0 BR Blue DO,RailVehicles\Diesel\Class47_rf2\BlueNoHL\Engine\47_NoETH_Dom\class47_br0_Dom.xml
Class47_dom,47212H3K780,47/0,47212,(VP-47) Class 47/0 BR Blue DO,RailVehicles\Diesel\Class47_rf2\BlueNoHL\Engine\47_NoETH_Dom\class47_br0_Dom.xml
Class47_dom,47213H4Z450,47/0,47213,(VP-47) Class 47/0 BR Blue DO,RailVehicles\Diesel\Class47_rf2\BlueNoHL\Engine\47_NoETH_Dom\class47_br0_Dom.xml
Class47_dom,47214L6I630,47/0,47214,(VP-47) Class 47/0 BR Blue DO,RailVehicles\Diesel\Class47_rf2\BlueNoHL\Engine\47_NoETH_Dom\class47_br0_Dom.xml
Class47_dom,47215H2G880,47/0,47215,(VP-47) Class 47/0 BR Blue DO,RailVehicles\Diesel\Class47_rf2\BlueNoHL\Engine\47_NoETH_Dom\class47_br0_Dom.xml
Class47_dom,47216J8J260,47/0,47216,(VP-47) Class 47/0 BR Blue DO,RailVehicles\Diesel\Class47_rf2\BlueNoHL\Engine\47_NoETH_Dom\class47_br0_Dom.xml
Class47_dom,47217H1U110,47/0,47217,(VP-47) Class 47/0 BR Blue DO,RailVehicles\Diesel\Class47_rf2\BlueNoHL\Engine\47_NoETH_Dom\class47_br0_Dom.xml
Class47_dom,47218C2M630,47/0,47218,(VP-47) Class 47/0 BR Blue DO,RailVehicles\Diesel\Class47_rf2\BlueNoHL\Engine\47_NoETH_Dom\class47_br0_Dom.xml
Class47_dom,47219T8X230,47/0,47219,(VP-47) Class 47/0 BR Blue DO,RailVehicles\Diesel\Class47_rf2\BlueNoHL\Engine\47_NoETH_Dom\class47_br0_Dom.xml
Class47_dom,47220H9U180,47/0,47220,(VP-47) Class 47/0 BR Blue DO,RailVehicles\Diesel\Class47_rf2\BlueNoHL\Engine\47_NoETH_Dom\class47_br0_Dom.xml
Class47_dom,47221L9H570,47/0,47221,(VP-47) Class 47/0 BR Blue DO,RailVehicles\Diesel\Class47_rf2\BlueNoHL\Engine\47_NoETH_Dom\class47_br0_Dom.xml
Class47_dom,47222L8P150,47/0,47222,(VP-47) Class 47/0 BR Blue DO,RailVehicles\Diesel\Class47_rf2\BlueNoHL\Engine\47_NoETH_Dom\class47_br0_Dom.xml
Class47_dom,47223L0J950,47/0,47223,(VP-47) Class 47/0 BR Blue DO,RailVehicles\Diesel\Class47_rf2\BlueNoHL\Engine\47_NoETH_Dom\class47_br0_Dom.xml
Class47_dom,47224D4C780,47/0,47224,(VP-47) Class 47/0 BR Blue DO,RailVehicles\Diesel\Class47_rf2\BlueNoHL\Engine\47_NoETH_Dom\class47_br0_Dom.xml
Class47_dom,47225D8I690,47/0,47225,(VP-47) Class 47/0 BR Blue DO,RailVehicles\Diesel\Class47_rf2\BlueNoHL\Engine\47_NoETH_Dom\class47_br0_Dom.xml
Class47_dom,47226D6D900,47/0,47226,(VP-47) Class 47/0 BR Blue DO,RailVehicles\Diesel\Class47_rf2\BlueNoHL\Engine\47_NoETH_Dom\class47_br0_Dom.xml
Class47_dom,47227C1M720,47/0,47227,(VP-47) Class 47/0 BR Blue DO,RailVehicles\Diesel\Class47_rf2\BlueNoHL\Engine\47_NoETH_Dom\class47_br0_Dom.xml
Class47_dom,47228C2P500,47/0,47228,(VP-47) Class 47/0 BR Blue DO,RailVehicles\Diesel\Class47_rf2\BlueNoHL\Engine\47_NoETH_Dom\class47_br0_Dom.xml
Class47_dom,47229B2J040,47/0,47229,(VP-47) Class 47/0 BR Blue DO,RailVehicles\Diesel\Class47_rf2\BlueNoHL\Engine\47_NoETH_Dom\class47_br0_Dom.xml
Class47_dom,47230D0R420,47/0,47230,(VP-47) Class 47/0 BR Blue DO,RailVehicles\Diesel\Class47_rf2\BlueNoHL\Engine\47_NoETH_Dom\class47_br0_Dom.xml
Class47_dom,47231D2R910,47/0,47231,(VP-47) Class 47/0 BR Blue DO,RailVehicles\Diesel\Class47_rf2\BlueNoHL\Engine\47_NoETH_Dom\class47_br0_Dom.xml
Class47_dom,47232H4Q840,47/0,47232,(VP-47) Class 47/0 BR Blue DO,RailVehicles\Diesel\Class47_rf2\BlueNoHL\Engine\47_NoETH_Dom\class47_br0_Dom.xml
Class47_dom,47233D7Z270,47/0,47233,(VP-47) Class 47/0 BR Blue DO,RailVehicles\Diesel\Class47_rf2\BlueNoHL\Engine\47_NoETH_Dom\class47_br0_Dom.xml
Class47_dom,47234D2K030,47/0,47234,(VP-47) Class 47/0 BR Blue DO,RailVehicles\Diesel\Class47_rf2\BlueNoHL\Engine\47_NoETH_Dom\class47_br0_Dom.xml
Class47_dom,47235D4V810,47/0,47235,(VP-47) Class 47/0 BR Blue DO,RailVehicles\Diesel\Class47_rf2\BlueNoHL\Engine\47_NoETH_Dom\class47_br0_Dom.xml
Class47_dom,47236D5I770,47/0,47236,(VP-47) Class 47/0 BR Blue DO,RailVehicles\Diesel\Class47_rf2\BlueNoHL\Engine\47_NoETH_Dom\class47_br0_Dom.xml
Class47_dom,47237C9E960,47/0,47237,(VP-47) Class 47/0 BR Blue DO,RailVehicles\Diesel\Class47_rf2\BlueNoHL\Engine\47_NoETH_Dom\class47_br0_Dom.xml
Class47_dom,47238D9C200,47/0,47238,(VP-47) Class 47/0 BR Blue DO,RailVehicles\Diesel\Class47_rf2\BlueNoHL\Engine\47_NoETH_Dom\class47_br0_Dom.xml
Class47_dom,47239D6H510,47/0,47239,(VP-47) Class 47/0 BR Blue DO,RailVehicles\Diesel\Class47_rf2\BlueNoHL\Engine\47_NoETH_Dom\class47_br0_Dom.xml
Class47_dom,47240C5X580,47/0,47240,(VP-47) Class 47/0 BR Blue DO,RailVehicles\Diesel\Class47_rf2\BlueNoHL\Engine\47_NoETH_Dom\class47_br0_Dom.xml
Class47_dom,47241C4D640,47/0,47241,(VP-47) Class 47/0 BR Blue DO,RailVehicles\Diesel\Class47_rf2\BlueNoHL\Engine\47_NoETH_Dom\class47_br0_Dom.xml
Class47_dom,47242C5V050,47/0,47242,(VP-47) Class 47/0 BR Blue DO,RailVehicles\Diesel\Class47_rf2\BlueNoHL\Engine\47_NoETH_Dom\class47_br0_Dom.xml
Class47_dom,47243D0W550,47/0,47243,(VP-47) Class 47/0 BR Blue DO,RailVehicles\Diesel\Class47_rf2\BlueNoHL\Engine\47_NoETH_Dom\class47_br0_Dom.xml
Class47_dom,47244A4G150,47/0,47244,(VP-47) Class 47/0 BR Blue DO,RailVehicles\Diesel\Class47_rf2\BlueNoHL\Engine\47_NoETH_Dom\class47_br0_Dom.xml
Class47_dom,47245A6O950,47/0,47245,(VP-47) Class 47/0 BR Blue DO,RailVehicles\Diesel\Class47_rf2\BlueNoHL\Engine\47_NoETH_Dom\class47_br0_Dom.xml
Class47_dom,47246A4F110,47/0,47246,(VP-47) Class 47/0 BR Blue DO,RailVehicles\Diesel\Class47_rf2\BlueNoHL\Engine\47_NoETH_Dom\class47_br0_Dom.xml
Class47_dom,47247A4O940,47/0,47247,(VP-47) Class 47/0 BR Blue DO,RailVehicles\Diesel\Class47_rf2\BlueNoHL\Engine\47_NoETH_Dom\class47_br0_Dom.xml
Class47_dom,47248A6C070,47/0,47248,(VP-47) Class 47/0 BR Blue DO,RailVehicles\Diesel\Class47_rf2\BlueNoHL\Engine\47_NoETH_Dom\class47_br0_Dom.xml
Class47_dom,47249A7C140,47/0,47249,(VP-47) Class 47/0 BR Blue DO,RailVehicles\Diesel\Class47_rf2\BlueNoHL\Engine\47_NoETH_Dom\class47_br0_Dom.xml
Class47_dom,47250A4I260,47/0,47250,(VP-47) Class 47/0 BR Blue DO,RailVehicles\Diesel\Class47_rf2\BlueNoHL\Engine\47_NoETH_Dom\class47_br0_Dom.xml
Class47_dom,47251A2H620,47/0,47251,(VP-47) Class 47/0 BR Blue DO,RailVehicles\Diesel\Class47_rf2\BlueNoHL\Engine\47_NoETH_Dom\class47_br0_Dom.xml
Class47_dom,47252A1A640,47/0,47252,(VP-47) Class 47/0 BR Blue DO,RailVehicles\Diesel\Class47_rf2\BlueNoHL\Engine\47_NoETH_Dom\class47_br0_Dom.xml
Class47_dom,47254A5C580,47/0,47254,(VP-47) Class 47/0 BR Blue DO,RailVehicles\Diesel\Class47_rf2\BlueNoHL\Engine\47_NoETH_Dom\class47_br0_Dom.xml
Class47_dom,47255K3U440,47/0,47255,(VP-47) Class 47/0 BR Blue DO,RailVehicles\Diesel\Class47_rf2\BlueNoHL\Engine\47_NoETH_Dom\class47_br0_Dom.xml
Class47_dom,47256A3Y510,47/0,47256,(VP-47) Class 47/0 BR Blue DO,RailVehicles\Diesel\Class47_rf2\BlueNoHL\Engine\47_NoETH_Dom\class47_br0_Dom.xml
Class47_dom,47257A7G010,47/0,47257,(VP-47) Class 47/0 BR Blue DO,RailVehicles\Diesel\Class47_rf2\BlueNoHL\Engine\47_NoETH_Dom\class47_br0_Dom.xml
Class47_dom,47258A3N300,47/0,47258,(VP-47) Class 47/0 BR Blue DO,RailVehicles\Diesel\Class47_rf2\BlueNoHL\Engine\47_NoETH_Dom\class47_br0_Dom.xml
Class47_dom,47260B4R430,47/0,47260,(VP-47) Class 47/0 BR Blue DO,RailVehicles\Diesel\Class47_rf2\BlueNoHL\Engine\47_NoETH_Dom\class47_br0_Dom.xml
Class47_dom,47299L1P390,47/0,47299,(VP-47) Class 47/0 BR Blue DO,RailVehicles\Diesel\Class47_rf2\BlueNoHL\Engine\47_NoETH_Dom\class47_br0_Dom.xml
Class47_dom,47301J6Z050,47/3,47301,(VP-47) Class 47/3 BR Blue DO,RailVehicles\Diesel\Class47_rf2\BlueNoHL\Engine\47_NoETH_Dom\class47_br3_Dom.xml
Class47_dom,47302J1D940,47/3,47302,(VP-47) Class 47/3 BR Blue DO,RailVehicles\Diesel\Class47_rf2\BlueNoHL\Engine\47_NoETH_Dom\class47_br3_Dom.xml
Class47_dom,47303L8I270,47/3,47303,(VP-47) Class 47/3 BR Blue DO,RailVehicles\Diesel\Class47_rf2\BlueNoHL\Engine\47_NoETH_Dom\class47_br3_Dom.xml
Class47_dom,47304J9F300,47/3,47304,(VP-47) Class 47/3 BR Blue DO,RailVehicles\Diesel\Class47_rf2\BlueNoHL\Engine\47_NoETH_Dom\class47_br3_Dom.xml
Class47_dom,47305S4S280,47/3,47305,(VP-47) Class 47/3 BR Blue DO,RailVehicles\Diesel\Class47_rf2\BlueNoHL\Engine\47_NoETH_Dom\class47_br3_Dom.xml
Class47_dom,47306B6K540,47/3,47306,(VP-47) Class 47/3 BR Blue DO,RailVehicles\Diesel\Class47_rf2\BlueNoHL\Engine\47_NoETH_Dom\class47_br3_Dom.xml
Class47_dom,47307H5X270,47/3,47307,(VP-47) Class 47/3 BR Blue DO,RailVehicles\Diesel\Class47_rf2\BlueNoHL\Engine\47_NoETH_Dom\class47_br3_Dom.xml
Class47_dom,47308N4S140,47/3,47308,(VP-47) Class 47/3 BR Blue DO,RailVehicles\Diesel\Class47_rf2\BlueNoHL\Engine\47_NoETH_Dom\class47_br3_Dom.xml
Class47_dom,47309C6H930,47/3,47309,(VP-47) Class 47/3 BR Blue DO,RailVehicles\Diesel\Class47_rf2\BlueNoHL\Engine\47_NoETH_Dom\class47_br3_Dom.xml
Class47_dom,47310H2J850,47/3,47310,(VP-47) Class 47/3 BR Blue DO,RailVehicles\Diesel\Class47_rf2\BlueNoHL\Engine\47_NoETH_Dom\class47_br3_Dom.xml
Class47_dom,47311R6L300,47/3,47311,(VP-47) Class 47/3 GR BR Blue DO,RailVehicles\Diesel\Class47_rf2\BlueNoHL\Engine_Grey\47_NoETH_Dom\class47_br3_Dom.xml
Class47_dom,47312L3R680,47/3,47312,(VP-47) Class 47/3 BR Blue DO,RailVehicles\Diesel\Class47_rf2\BlueNoHL\Engine\47_NoETH_Dom\class47_br3_Dom.xml
Class47_dom,47313R6P930,47/3,47313,(VP-47) Class 47/3 BR Blue DO,RailVehicles\Diesel\Class47_rf2\BlueNoHL\Engine\47_NoETH_Dom\class47_br3_Dom.xml
Class47_dom,47314C6X660,47/3,47314,(VP-47) Class 47/3 BR Blue DO,RailVehicles\Diesel\Class47_rf2\BlueNoHL\Engine\47_NoETH_Dom\class47_br3_Dom.xml
Class47_dom,47315B2F760,47/3,47315,(VP-47) Class 47/3 BR Blue DO,RailVehicles\Diesel\Class47_rf2\BlueNoHL\Engine\47_NoETH_Dom\class47_br3_Dom.xml
Class47_dom,47316L1F480,47/3,47316,(VP-47) Class 47/3 BR Blue DO,RailVehicles\Diesel\Class47_rf2\BlueNoHL\Engine\47_NoETH_Dom\class47_br3_Dom.xml
Class47_dom,47317A4J050,47/3,47317,(VP-47) Class 47/3 BR Blue DO,RailVehicles\Diesel\Class47_rf2\BlueNoHL\Engine\47_NoETH_Dom\class47_br3_Dom.xml
Class47_dom,47318B8F290,47/3,47318,(VP-47) Class 47/3 BR Blue DO,RailVehicles\Diesel\Class47_rf2\BlueNoHL\Engine\47_NoETH_Dom\class47_br3_Dom.xml
Class47_dom,47319F3J130,47/3,47319,(VP-47) Class 47/3 BR Blue DO,RailVehicles\Diesel\Class47_rf2\BlueNoHL\Engine\47_NoETH_Dom\class47_br3_Dom.xml
Class47_dom,47320B9N850,47/3,47320,(VP-47) Class 47/3 BR Blue DO,RailVehicles\Diesel\Class47_rf2\BlueNoHL\Engine\47_NoETH_Dom\class47_br3_Dom.xml
Class47_dom,47321C3L840,47/3,47321,(VP-47) Class 47/3 BR Blue DO,RailVehicles\Diesel\Class47_rf2\BlueNoHL\Engine\47_NoETH_Dom\class47_br3_Dom.xml
Class47_dom,47322C1Y030,47/3,47322,(VP-47) Class 47/3 BR Blue DO,RailVehicles\Diesel\Class47_rf2\BlueNoHL\Engine\47_NoETH_Dom\class47_br3_Dom.xml
Class47_dom,47323C4J450,47/3,47323,(VP-47) Class 47/3 BR Blue DO,RailVehicles\Diesel\Class47_rf2\BlueNoHL\Engine\47_NoETH_Dom\class47_br3_Dom.xml
Class47_dom,47324B5J020,47/3,47324,(VP-47) Class 47/3 BR Blue DO,RailVehicles\Diesel\Class47_rf2\BlueNoHL\Engine\47_NoETH_Dom\class47_br3_Dom.xml
Class47_dom,47325C6Y470,47/3,47325,(VP-47) Class 47/3 BR Blue DO,RailVehicles\Diesel\Class47_rf2\BlueNoHL\Engine\47_NoETH_Dom\class47_br3_Dom.xml
Class47_dom,47326B5B930,47/3,47326,(VP-47) Class 47/3 BR Blue DO,RailVehicles\Diesel\Class47_rf2\BlueNoHL\Engine\47_NoETH_Dom\class47_br3_Dom.xml
Class47_dom,47327A5R450,47/3,47327,(VP-47) Class 47/3 BR Blue DO,RailVehicles\Diesel\Class47_rf2\BlueNoHL\Engine\47_NoETH_Dom\class47_br3_Dom.xml
Class47_dom,47328C7C080,47/3,47328,(VP-47) Class 47/3 BR Blue DO,RailVehicles\Diesel\Class47_rf2\BlueNoHL\Engine\47_NoETH_Dom\class47_br3_Dom.xml
Class47_dom,47329C6M820,47/3,47329,(VP-47) Class 47/3 BR Blue DO,RailVehicles\Diesel\Class47_rf2\BlueNoHL\Engine\47_NoETH_Dom\class47_br3_Dom.xml
Class47_dom,47330B9W520,47/3,47330,(VP-47) Class 47/3 BR Blue DO,RailVehicles\Diesel\Class47_rf2\BlueNoHL\Engine\47_NoETH_Dom\class47_br3_Dom.xml
Class47_dom,47331B5R950,47/3,47331,(VP-47) Class 47/3 BR Blue DO,RailVehicles\Diesel\Class47_rf2\BlueNoHL\Engine\47_NoETH_Dom\class47_br3_Dom.xml
Class47_dom,47332B7Y020,47/3,47332,(VP-47) Class 47/3 BR Blue DO,RailVehicles\Diesel\Class47_rf2\BlueNoHL\Engine\47_NoETH_Dom\class47_br3_Dom.xml
Class47_dom,47333B7I220,47/3,47333,(VP-47) Class 47/3 BR Blue DO,RailVehicles\Diesel\Class47_rf2\BlueNoHL\Engine\47_NoETH_Dom\class47_br3_Dom.xml
Class47_dom,47334B6D860,47/3,47334,(VP-47) Class 47/3 BR Blue DO,RailVehicles\Diesel\Class47_rf2\BlueNoHL\Engine\47_NoETH_Dom\class47_br3_Dom.xml
Class47_dom,47335B3V270,47/3,47335,(VP-47) Class 47/3 BR Blue DO,RailVehicles\Diesel\Class47_rf2\BlueNoHL\Engine\47_NoETH_Dom\class47_br3_Dom.xml
Class47_dom,47336B3V630,47/3,47336,(VP-47) Class 47/3 BR Blue DO,RailVehicles\Diesel\Class47_rf2\BlueNoHL\Engine\47_NoETH_Dom\class47_br3_Dom.xml
Class47_dom,47337B8T120,47/3,47337,(VP-47) Class 47/3 BR Blue DO,RailVehicles\Diesel\Class47_rf2\BlueNoHL\Engine\47_NoETH_Dom\class47_br3_Dom.xml
Class47_dom,47338B9N240,47/3,47338,(VP-47) Class 47/3 BR Blue DO,RailVehicles\Diesel\Class47_rf2\BlueNoHL\Engine\47_NoETH_Dom\class47_br3_Dom.xml
Class47_dom,47339B5M370,47/3,47339,(VP-47) Class 47/3 BR Blue DO,RailVehicles\Diesel\Class47_rf2\BlueNoHL\Engine\47_NoETH_Dom\class47_br3_Dom.xml
Class47_dom,47340C4F820,47/3,47340,(VP-47) Class 47/3 BR Blue DO,RailVehicles\Diesel\Class47_rf2\BlueNoHL\Engine\47_NoETH_Dom\class47_br3_Dom.xml
Class47_dom,47341B5M050,47/3,47341,(VP-47) Class 47/3 BR Blue DO,RailVehicles\Diesel\Class47_rf2\BlueNoHL\Engine\47_NoETH_Dom\class47_br3_Dom.xml
Class47_dom,47342C2I570,47/3,47342,(VP-47) Class 47/3 BR Blue DO,RailVehicles\Diesel\Class47_rf2\BlueNoHL\Engine\47_NoETH_Dom\class47_br3_Dom.xml
Class47_dom,47343C5P030,47/3,47343,(VP-47) Class 47/3 BR Blue DO,RailVehicles\Diesel\Class47_rf2\BlueNoHL\Engine\47_NoETH_Dom\class47_br3_Dom.xml
Class47_dom,47344B6X460,47/3,47344,(VP-47) Class 47/3 BR Blue DO,RailVehicles\Diesel\Class47_rf2\BlueNoHL\Engine\47_NoETH_Dom\class47_br3_Dom.xml
Class47_dom,47345C0F630,47/3,47345,(VP-47) Class 47/3 BR Blue DO,RailVehicles\Diesel\Class47_rf2\BlueNoHL\Engine\47_NoETH_Dom\class47_br3_Dom.xml
Class47_dom,47346C7H360,47/3,47346,(VP-47) Class 47/3 BR Blue DO,RailVehicles\Diesel\Class47_rf2\BlueNoHL\Engine\47_NoETH_Dom\class47_br3_Dom.xml
Class47_dom,47347C2X350,47/3,47347,(VP-47) Class 47/3 BR Blue DO,RailVehicles\Diesel\Class47_rf2\BlueNoHL\Engine\47_NoETH_Dom\class47_br3_Dom.xml
Class47_dom,47348C4N310,47/3,47348,(VP-47) Class 47/3 BR Blue DO,RailVehicles\Diesel\Class47_rf2\BlueNoHL\Engine\47_NoETH_Dom\class47_br3_Dom.xml
Class47_dom,47349C1Q200,47/3,47349,(VP-47) Class 47/3 BR Blue DO,RailVehicles\Diesel\Class47_rf2\BlueNoHL\Engine\47_NoETH_Dom\class47_br3_Dom.xml
Class47_dom,47350C5B030,47/3,47350,(VP-47) Class 47/3 BR Blue DO,RailVehicles\Diesel\Class47_rf2\BlueNoHL\Engine\47_NoETH_Dom\class47_br3_Dom.xml
Class47_dom,47351C2X780,47/3,47351,(VP-47) Class 47/3 BR Blue DO,RailVehicles\Diesel\Class47_rf2\BlueNoHL\Engine\47_NoETH_Dom\class47_br3_Dom.xml
Class47_dom,47352C9M010,47/3,47352,(VP-47) Class 47/3 BR Blue DO,RailVehicles\Diesel\Class47_rf2\BlueNoHL\Engine\47_NoETH_Dom\class47_br3_Dom.xml
Class47_dom,47353C9G780,47/3,47353,(VP-47) Class 47/3 BR Blue DO,RailVehicles\Diesel\Class47_rf2\BlueNoHL\Engine\47_NoETH_Dom\class47_br3_Dom.xml
Class47_dom,47354C1S950,47/3,47354,(VP-47) Class 47/3 BR Blue DO,RailVehicles\Diesel\Class47_rf2\BlueNoHL\Engine\47_NoETH_Dom\class47_br3_Dom.xml
Class47_dom,47355C7T140,47/3,47355,(VP-47) Class 47/3 BR Blue DO,RailVehicles\Diesel\Class47_rf2\BlueNoHL\Engine\47_NoETH_Dom\class47_br3_Dom.xml
Class47_dom,47356C5C780,47/3,47356,(VP-47) Class 47/3 BR Blue DO,RailVehicles\Diesel\Class47_rf2\BlueNoHL\Engine\47_NoETH_Dom\class47_br3_Dom.xml
Class47_dom,47357C4Y830,47/3,47357,(VP-47) Class 47/3 BR Blue DO,RailVehicles\Diesel\Class47_rf2\BlueNoHL\Engine\47_NoETH_Dom\class47_br3_Dom.xml
Class47_dom,47358C3J640,47/3,47358,(VP-47) Class 47/3 BR Blue DO,RailVehicles\Diesel\Class47_rf2\BlueNoHL\Engine\47_NoETH_Dom\class47_br3_Dom.xml
Class47_dom,47359C4B500,47/3,47359,(VP-47) Class 47/3 BR Blue DO,RailVehicles\Diesel\Class47_rf2\BlueNoHL\Engine\47_NoETH_Dom\class47_br3_Dom.xml
Class47_dom,47360F6B840,47/3,47360,(VP-47) Class 47/3 BR Blue DO,RailVehicles\Diesel\Class47_rf2\BlueNoHL\Engine\47_NoETH_Dom\class47_br3_Dom.xml
Class47_dom,47361L6S680,47/3,47361,(VP-47) Class 47/3 BR Blue DO,RailVehicles\Diesel\Class47_rf2\BlueNoHL\Engine\47_NoETH_Dom\class47_br3_Dom.xml
Class47_dom,47362R0C040,47/3,47362,(VP-47) Class 47/3 GR BR Blue DO,RailVehicles\Diesel\Class47_rf2\BlueNoHL\Engine_Grey\47_NoETH_Dom\class47_br3_Dom.xml
Class47_dom,47363R4G430,47/3,47363,(VP-47) Class 47/3 BR Blue DO,RailVehicles\Diesel\Class47_rf2\BlueNoHL\Engine\47_NoETH_Dom\class47_br3_Dom.xml
Class47_dom,47364C6E310,47/3,47364,(VP-47) Class 47/3 BR Blue DO,RailVehicles\Diesel\Class47_rf2\BlueNoHL\Engine\47_NoETH_Dom\class47_br3_Dom.xml
Class47_dom,47365C7W250,47/3,47365,(VP-47) Class 47/3 BR Blue DO,RailVehicles\Diesel\Class47_rf2\BlueNoHL\Engine\47_NoETH_Dom\class47_br3_Dom.xml
Class47_dom,47366C3R850,47/3,47366,(VP-47) Class 47/3 BR Blue DO,RailVehicles\Diesel\Class47_rf2\BlueNoHL\Engine\47_NoETH_Dom\class47_br3_Dom.xml
Class47_dom,47367C2C240,47/3,47367,(VP-47) Class 47/3 BR Blue DO,RailVehicles\Diesel\Class47_rf2\BlueNoHL\Engine\47_NoETH_Dom\class47_br3_Dom.xml
Class47_dom,47368C1V150,47/3,47368,(VP-47) Class 47/3 BR Blue DO,RailVehicles\Diesel\Class47_rf2\BlueNoHL\Engine\47_NoETH_Dom\class47_br3_Dom.xml
Class47_dom,47369C3G840,47/3,47369,(VP-47) Class 47/3 BR Blue DO,RailVehicles\Diesel\Class47_rf2\BlueNoHL\Engine\47_NoETH_Dom\class47_br3_Dom.xml
Class47_dom,47370L7R390,47/3,47370,(VP-47) Class 47/3 BR Blue DO,RailVehicles\Diesel\Class47_rf2\BlueNoHL\Engine\47_NoETH_Dom\class47_br3_Dom.xml
Class47_dom,47371J4R560,47/3,47371,(VP-47) Class 47/3 BR Blue DO,RailVehicles\Diesel\Class47_rf2\BlueNoHL\Engine\47_NoETH_Dom\class47_br3_Dom.xml
Class47_dom,47372J4J650,47/3,47372,(VP-47) Class 47/3 BR Blue DO,RailVehicles\Diesel\Class47_rf2\BlueNoHL\Engine\47_NoETH_Dom\class47_br3_Dom.xml
Class47_dom,47373J3C190,47/3,47373,(VP-47) Class 47/3 BR Blue DO,RailVehicles\Diesel\Class47_rf2\BlueNoHL\Engine\47_NoETH_Dom\class47_br3_Dom.xml
Class47_dom,47374D8J030,47/3,47374,(VP-47) Class 47/3 BR Blue DO,RailVehicles\Diesel\Class47_rf2\BlueNoHL\Engine\47_NoETH_Dom\class47_br3_Dom.xml
Class47_dom,47375J1E970,47/3,47375,(VP-47) Class 47/3 BR Blue DO,RailVehicles\Diesel\Class47_rf2\BlueNoHL\Engine\47_NoETH_Dom\class47_br3_Dom.xml
Class47_dom,47376C8K540,47/3,47376,(VP-47) Class 47/3 BR Blue DO,RailVehicles\Diesel\Class47_rf2\BlueNoHL\Engine\47_NoETH_Dom\class47_br3_Dom.xml
Class47_dom,47377B8G510,47/3,47377,(VP-47) Class 47/3 BR Blue DO,RailVehicles\Diesel\Class47_rf2\BlueNoHL\Engine\47_NoETH_Dom\class47_br3_Dom.xml
Class47_dom,47378B4D880,47/3,47378,(VP-47) Class 47/3 BR Blue DO,RailVehicles\Diesel\Class47_rf2\BlueNoHL\Engine\47_NoETH_Dom\class47_br3_Dom.xml
Class47_dom,47379D2I360,47/3,47379,(VP-47) Class 47/3 BR Blue DO,RailVehicles\Diesel\Class47_rf2\BlueNoHL\Engine\47_NoETH_Dom\class47_br3_Dom.xml
Class47_dom,47380L5G190,47/3,47380,(VP-47) Class 47/3 BR Blue DO,RailVehicles\Diesel\Class47_rf2\BlueNoHL\Engine\47_NoETH_Dom\class47_br3_Dom.xml
Class47_dom,47381B3M990,47/3,47381,(VP-47) Class 47/3 BR Blue DO,RailVehicles\Diesel\Class47_rf2\BlueNoHL\Engine\47_NoETH_Dom\class47_br3_Dom.xml
Class47_dom,47401G3B840,47/4,47401,(VP-47) Class 47/4 BR Blue DO,RailVehicles\Diesel\Class47_rf2\BlueNoHL\Engine\47_4_Dom\class47_br4_Dom.xml
Class47_dom,47402G6B190,47/4,47402,(VP-47) Class 47/4 BR Blue DO,RailVehicles\Diesel\Class47_rf2\BlueNoHL\Engine\47_4_Dom\class47_br4_Dom.xml
Class47_dom,47403G1R450,47/4,47403,(VP-47) Class 47/4 BR Blue DO,RailVehicles\Diesel\Class47_rf2\BlueNoHL\Engine\47_4_Dom\class47_br4_Dom.xml
Class47_dom,47404G2M670,47/4,47404,(VP-47) Class 47/4 BR Blue DO,RailVehicles\Diesel\Class47_rf2\BlueNoHL\Engine\47_4_Dom\class47_br4_Dom.xml
Class47_dom,47405G7U190,47/4,47405,(VP-47) Class 47/4 BR Blue DO,RailVehicles\Diesel\Class47_rf2\BlueNoHL\Engine\47_4_Dom\class47_br4_Dom.xml
Class47_dom,47406G3K300,47/4,47406,(VP-47) Class 47/4 BR Blue DO,RailVehicles\Diesel\Class47_rf2\BlueNoHL\Engine\47_4_Dom\class47_br4_Dom.xml
Class47_dom,47407G5Q680,47/4,47407,(VP-47) Class 47/4 BR Blue DO,RailVehicles\Diesel\Class47_rf2\BlueNoHL\Engine\47_4_Dom\class47_br4_Dom.xml
Class47_dom,47408G6M730,47/4,47408,(VP-47) Class 47/4 BR Blue DO,RailVehicles\Diesel\Class47_rf2\BlueNoHL\Engine\47_4_Dom\class47_br4_Dom.xml
Class47_dom,47409G8L870,47/4,47409,(VP-47) Class 47/4 BR Blue DO,RailVehicles\Diesel\Class47_rf2\BlueNoHL\Engine\47_4_Dom\class47_br4_Dom.xml
Class47_dom,47410G7P940,47/4,47410,(VP-47) Class 47/4 BR Blue DO,RailVehicles\Diesel\Class47_rf2\BlueNoHL\Engine\47_4_Dom\class47_br4_Dom.xml
Class47_dom,47411G1A230,47/4,47411,(VP-47) Class 47/4 BR Blue DO,RailVehicles\Diesel\Class47_rf2\BlueNoHL\Engine\47_4_Dom\class47_br4_Dom.xml
Class47_dom,47412G3X220,47/4,47412,(VP-47) Class 47/4 BR Blue DO,RailVehicles\Diesel\Class47_rf2\BlueNoHL\Engine\47_4_Dom\class47_br4_Dom.xml
Class47_dom,47413G1Y430,47/4,47413,(VP-47) Class 47/4 BR Blue DO,RailVehicles\Diesel\Class47_rf2\BlueNoHL\Engine\47_4_Dom\class47_br4_Dom.xml
Class47_dom,47414G8R940,47/4,47414,(VP-47) Class 47/4 BR Blue DO,RailVehicles\Diesel\Class47_rf2\BlueNoHL\Engine\47_4_Dom\class47_br4_Dom.xml
Class47_dom,47415G4S360,47/4,47415,(VP-47) Class 47/4 BR Blue DO,RailVehicles\Diesel\Class47_rf2\BlueNoHL\Engine\47_4_Dom\class47_br4_Dom.xml
Class47_dom,47416H2Y730,47/4,47416,(VP-47) Class 47/4 BR Blue DO,RailVehicles\Diesel\Class47_rf2\BlueNoHL\Engine\47_4_Dom\class47_br4_Dom.xml
Class47_dom,47417H1F380,47/4,47417,(VP-47) Class 47/4 BR Blue DO,RailVehicles\Diesel\Class47_rf2\BlueNoHL\Engine\47_4_Dom\class47_br4_Dom.xml
Class47_dom,47418H7A180,47/4,47418,(VP-47) Class 47/4 BR Blue DO,RailVehicles\Diesel\Class47_rf2\BlueNoHL\Engine\47_4_Dom\class47_br4_Dom.xml
Class47_dom,47419H2I440,47/4,47419,(VP-47) Class 47/4 BR Blue DO,RailVehicles\Diesel\Class47_rf2\BlueNoHL\Engine\47_4_Dom\class47_br4_Dom.xml
Class47_dom,47420H8Z430,47/4,47420,(VP-47) Class 47/4 BR Blue DO,RailVehicles\Diesel\Class47_rf2\BlueNoHL\Engine\47_4_Dom\class47_br4_Dom.xml
Class47_dom,47421G1S990,47/4,47421,(VP-47) Class 47/4 BR Blue DO,RailVehicles\Diesel\Class47_rf2\BlueNoHL\Engine\47_4_Dom\class47_br4_Dom.xml
Class47_dom,47422G0O170,47/4,47422,(VP-47) Class 47/4 BR Blue DO,RailVehicles\Diesel\Class47_rf2\BlueNoHL\Engine\47_4_Dom\class47_br4_Dom.xml
Class47_dom,47423G6J470,47/4,47423,(VP-47) Class 47/4 BR Blue DO,RailVehicles\Diesel\Class47_rf2\BlueNoHL\Engine\47_4_Dom\class47_br4_Dom.xml
Class47_dom,47424B2X000,47/4,47424,(VP-47) Class 47/4 BR Blue DO,RailVehicles\Diesel\Class47_rf2\BlueNoHL\Engine\47_4_Dom\class47_br4_Dom.xml
Class47_dom,47425G8E100,47/4,47425,(VP-47) Class 47/4 BR Blue DO,RailVehicles\Diesel\Class47_rf2\BlueNoHL\Engine\47_4_Dom\class47_br4_Dom.xml
Class47_dom,47426R9G310,47/4,47426,(VP-47) Class 47/4 GR BR Blue DO,RailVehicles\Diesel\Class47_rf2\BlueNoHL\Engine_Grey\47_4_Dom\class47_br4_Dom.xml
Class47_dom,47427F5Z480,47/4,47427,(VP-47) Class 47/4 BR Blue DO,RailVehicles\Diesel\Class47_rf2\BlueNoHL\Engine\47_4_Dom\class47_br4_Dom.xml
Class47_dom,47428G5N900,47/4,47428,(VP-47) Class 47/4 BR Blue DO,RailVehicles\Diesel\Class47_rf2\BlueNoHL\Engine\47_4_Dom\class47_br4_Dom.xml
Class47_dom,47429G9H460,47/4,47429,(VP-47) Class 47/4 BR Blue DO,RailVehicles\Diesel\Class47_rf2\BlueNoHL\Engine\47_4_Dom\class47_br4_Dom.xml
Class47_dom,47430G3Z540,47/4,47430,(VP-47) Class 47/4 BR Blue DO,RailVehicles\Diesel\Class47_rf2\BlueNoHL\Engine\47_4_Dom\class47_br4_Dom.xml
Class47_dom,47431G5R400,47/4,47431,(VP-47) Class 47/4 BR Blue DO,RailVehicles\Diesel\Class47_rf2\BlueNoHL\Engine\47_4_Dom\class47_br4_Dom.xml
Class47_dom,47432B5T540,47/4,47432,(VP-47) Class 47/4 BR Blue DO,RailVehicles\Diesel\Class47_rf2\BlueNoHL\Engine\47_4_Dom\class47_br4_Dom.xml
Class47_dom,47433B3S220,47/4,47433,(VP-47) Class 47/4 BR Blue DO,RailVehicles\Diesel\Class47_rf2\BlueNoHL\Engine\47_4_Dom\class47_br4_Dom.xml
Class47_dom,47434B8O650,47/4,47434,(VP-47) Class 47/4 BR Blue DO,RailVehicles\Diesel\Class47_rf2\BlueNoHL\Engine\47_4_Dom\class47_br4_Dom.xml
Class47_dom,47485B0N760,47/4,47485,(VP-47) Class 47/4 BR Blue DO,RailVehicles\Diesel\Class47_rf2\BlueNoHL\Engine\47_4_Dom\class47_br4_Dom.xml
Class47_dom,47486B7R040,47/4,47486,(VP-47) Class 47/4 BR Blue DO,RailVehicles\Diesel\Class47_rf2\BlueNoHL\Engine\47_4_Dom\class47_br4_Dom.xml
Class47_dom,47487B1O310,47/4,47487,(VP-47) Class 47/4 BR Blue DO,RailVehicles\Diesel\Class47_rf2\BlueNoHL\Engine\47_4_Dom\class47_br4_Dom.xml
Class47_dom,47488B5D540,47/4,47488,(VP-47) Class 47/4 BR Blue DO,RailVehicles\Diesel\Class47_rf2\BlueNoHL\Engine\47_4_Dom\class47_br4_Dom.xml
Class47_dom,47489B2F900,47/4,47489,(VP-47) Class 47/4 BR Blue DO,RailVehicles\Diesel\Class47_rf2\BlueNoHL\Engine\47_4_Dom\class47_br4_Dom.xml
Class47_dom,47490B1B660,47/4,47490,(VP-47) Class 47/4 BR Blue DO,RailVehicles\Diesel\Class47_rf2\BlueNoHL\Engine\47_4_Dom\class47_br4_Dom.xml
Class47_dom,47491B7Y170,47/4,47491,(VP-47) Class 47/4 BR Blue DO,RailVehicles\Diesel\Class47_rf2\BlueNoHL\Engine\47_4_Dom\class47_br4_Dom.xml
Class47_dom,47492Q7Y170,47/4,47492,(VP-47) Class 47/4 BR Blue DO,RailVehicles\Diesel\Class47_rf2\BlueNoHL\Engine\47_4_Dom\class47_br4_Dom.xml
Class47_dom,47493A5D540,47/4,47493,(VP-47) Class 47/4 BR Blue DO,RailVehicles\Diesel\Class47_rf2\BlueNoHL\Engine\47_4_Dom\class47_br4_Dom.xml
Class47_dom,47494A8J490,47/4,47494,(VP-47) Class 47/4 BR Blue DO,RailVehicles\Diesel\Class47_rf2\BlueNoHL\Engine\47_4_Dom\class47_br4_Dom.xml
Class47_dom,47495A7E790,47/4,47495,(VP-47) Class 47/4 BR Blue DO,RailVehicles\Diesel\Class47_rf2\BlueNoHL\Engine\47_4_Dom\class47_br4_Dom.xml
Class47_dom,47496A9E960,47/4,47496,(VP-47) Class 47/4 BR Blue DO,RailVehicles\Diesel\Class47_rf2\BlueNoHL\Engine\47_4_Dom\class47_br4_Dom.xml
Class47_dom,47497A0R190,47/4,47497,(VP-47) Class 47/4 BR Blue DO,RailVehicles\Diesel\Class47_rf2\BlueNoHL\Engine\47_4_Dom\class47_br4_Dom.xml
Class47_dom,47498A4K520,47/4,47498,(VP-47) Class 47/4 BR Blue DO,RailVehicles\Diesel\Class47_rf2\BlueNoHL\Engine\47_4_Dom\class47_br4_Dom.xml
Class47_dom,47499A3U120,47/4,47499,(VP-47) Class 47/4 BR Blue DO,RailVehicles\Diesel\Class47_rf2\BlueNoHL\Engine\47_4_Dom\class47_br4_Dom.xml
Class47_dom,47500A9W720,47/4,47500,(VP-47) Class 47/4 BR Blue DO,RailVehicles\Diesel\Class47_rf2\BlueNoHL\Engine\47_4_Dom\class47_br4_Dom.xml
Class47_dom,47501B7V010,47/4,47501,(VP-47) Class 47/4 BR Blue DO,RailVehicles\Diesel\Class47_rf2\BlueNoHL\Engine\47_4_Dom\class47_br4_Dom.xml
Class47_dom,47502A1U320,47/4,47502,(VP-47) Class 47/4 BR Blue DO,RailVehicles\Diesel\Class47_rf2\BlueNoHL\Engine\47_4_Dom\class47_br4_Dom.xml
Class47_dom,47503B1R580,47/4,47503,(VP-47) Class 47/4 BR Blue DO,RailVehicles\Diesel\Class47_rf2\BlueNoHL\Engine\47_4_Dom\class47_br4_Dom.xml
Class47_dom,47504I7O210,47/4,47504,(VP-47) Class 47/4 BR Blue DO,RailVehicles\Diesel\Class47_rf2\BlueNoHL\Engine\47_4_Dom\class47_br4_Dom.xml
Class47_dom,47505A3M310,47/4,47505,(VP-47) Class 47/4 BR Blue DO,RailVehicles\Diesel\Class47_rf2\BlueNoHL\Engine\47_4_Dom\class47_br4_Dom.xml
Class47_dom,47506A3G440,47/4,47506,(VP-47) Class 47/4 BR Blue DO,RailVehicles\Diesel\Class47_rf2\BlueNoHL\Engine\47_4_Dom\class47_br4_Dom.xml
Class47_dom,47507A8J320,47/4,47507,(VP-47) Class 47/4 BR Blue DO,RailVehicles\Diesel\Class47_rf2\BlueNoHL\Engine\47_4_Dom\class47_br4_Dom.xml
Class47_dom,47508C5Q670,47/4,47508,(VP-47) Class 47/4 BR Blue DO,RailVehicles\Diesel\Class47_rf2\BlueNoHL\Engine\47_4_Dom\class47_br4_Dom.xml
Class47_dom,47509A0T880,47/4,47509,(VP-47) Class 47/4 BR Blue DO,RailVehicles\Diesel\Class47_rf2\BlueNoHL\Engine\47_4_Dom\class47_br4_Dom.xml
Class47_dom,47510I5F520,47/4,47510,(VP-47) Class 47/4 BR Blue DO,RailVehicles\Diesel\Class47_rf2\BlueNoHL\Engine\47_4_Dom\class47_br4_Dom.xml
Class47_dom,47511I6O540,47/4,47511,(VP-47) Class 47/4 BR Blue DO,RailVehicles\Diesel\Class47_rf2\BlueNoHL\Engine\47_4_Dom\class47_br4_Dom.xml
Class47_dom,47512P3E150,47/4,47512,(VP-47) Class 47/4 BR Blue DO,RailVehicles\Diesel\Class47_rf2\BlueNoHL\Engine\47_4_Dom\class47_br4_Dom.xml
Class47_dom,47513P2P190,47/4,47513,(VP-47) Class 47/4 BR Blue DO,RailVehicles\Diesel\Class47_rf2\BlueNoHL\Engine\47_4_Dom\class47_br4_Dom.xml
Class47_dom,47514I1D330,47/4,47514,(VP-47) Class 47/4 BR Blue DO,RailVehicles\Diesel\Class47_rf2\BlueNoHL\Engine\47_4_Dom\class47_br4_Dom.xml
Class47_dom,47515I4J550,47/4,47515,(VP-47) Class 47/4 BR Blue DO,RailVehicles\Diesel\Class47_rf2\BlueNoHL\Engine\47_4_Dom\class47_br4_Dom.xml
Class47_dom,47530C7Q100,47/4,47530,(VP-47) Class 47/4 BR Blue DO,RailVehicles\Diesel\Class47_rf2\BlueNoHL\Engine\47_4_Dom\class47_br4_Dom.xml
Class47_dom,47539C3Z520,47/4,47539,(VP-47) Class 47/4 BR Blue DO,RailVehicles\Diesel\Class47_rf2\BlueNoHL\Engine\47_4_Dom\class47_br4_Dom.xml
Class47_dom,47540C1K680,47/4,47540,(VP-47) Class 47/4 BR Blue DO,RailVehicles\Diesel\Class47_rf2\BlueNoHL\Engine\47_4_Dom\class47_br4_Dom.xml
Class47_dom,47541F2S030,47/4,47541,(VP-47) Class 47/4 BR Blue DO,RailVehicles\Diesel\Class47_rf2\BlueNoHL\Engine\47_4_Dom\class47_br4_Dom.xml
Class47_dom,47546B6K960,47/4,47546,(VP-47) Class 47/4 BR Blue DO,RailVehicles\Diesel\Class47_rf2\BlueNoHL\Engine\47_4_Dom\class47_br4_Dom.xml
Class47_dom,47549G6K900,47/4,47549,(VP-47) Class 47/4 BR Blue DO,RailVehicles\Diesel\Class47_rf2\BlueNoHL\Engine\47_4_Dom\class47_br4_Dom.xml
Class47_dom,47550F5H130,47/4,47550,(VP-47) Class 47/4 BR Blue DO,RailVehicles\Diesel\Class47_rf2\BlueNoHL\Engine\47_4_Dom\class47_br4_Dom.xml
Class47_dom,47551P7P540,47/4,47551,(VP-47) Class 47/4 BR Blue DO,RailVehicles\Diesel\Class47_rf2\BlueNoHL\Engine\47_4_Dom\class47_br4_Dom.xml
Class47_dom,47552H4H500,47/4,47552,(VP-47) Class 47/4 BR Blue DO,RailVehicles\Diesel\Class47_rf2\BlueNoHL\Engine\47_4_Dom\class47_br4_Dom.xml
Class47_dom,47553C2R180,47/4,47553,(VP-47) Class 47/4 BR Blue DO,RailVehicles\Diesel\Class47_rf2\BlueNoHL\Engine\47_4_Dom\class47_br4_Dom.xml
Class47_dom,47554B6A390,47/4,47554,(VP-47) Class 47/4 BR Blue DO,RailVehicles\Diesel\Class47_rf2\BlueNoHL\Engine\47_4_Dom\class47_br4_Dom.xml
Class47_dom,47555C7M380,47/4,47555,(VP-47) Class 47/4 BR Blue DO,RailVehicles\Diesel\Class47_rf2\BlueNoHL\Engine\47_4_Dom\class47_br4_Dom.xml
Class47_dom,47571R6P520,47/4,47571,(VP-47) Class 47/4 BR Blue DO,RailVehicles\Diesel\Class47_rf2\BlueNoHL\Engine\47_4_Dom\class47_br4_Dom.xml
Class47_dom,47572L5R980,47/4,47572,(VP-47) Class 47/4 BR Blue DO,RailVehicles\Diesel\Class47_rf2\BlueNoHL\Engine\47_4_Dom\class47_br4_Dom.xml
Class47_dom,47573R6H050,47/4,47573,(VP-47) Class 47/4 BR Blue DO,RailVehicles\Diesel\Class47_rf2\BlueNoHL\Engine\47_4_Dom\class47_br4_Dom.xml
Class47_dom,47574R6G510,47/4,47574,(VP-47) Class 47/4 BR Blue DO,RailVehicles\Diesel\Class47_rf2\BlueNoHL\Engine\47_4_Dom\class47_br4_Dom.xml
Class47_dom,47575D9P440,47/4,47575,(VP-47) Class 47/4 BR Blue DO,RailVehicles\Diesel\Class47_rf2\BlueNoHL\Engine\47_4_Dom\class47_br4_Dom.xml
Class47_dom,47576R8S550,47/4,47576,(VP-47) Class 47/4 GR BR Blue DO,RailVehicles\Diesel\Class47_rf2\BlueNoHL\Engine_Grey\47_4_Dom\class47_br4_Dom.xml
Class47_dom,47577R2N810,47/4,47577,(VP-47) Class 47/4 BR Blue DO,RailVehicles\Diesel\Class47_rf2\BlueNoHL\Engine\47_4_Dom\class47_br4_Dom.xml
Class47_dom,47578F5D380,47/4,47578,(VP-47) Class 47/4 BR Blue DO,RailVehicles\Diesel\Class47_rf2\BlueNoHL\Engine\47_4_Dom\class47_br4_Dom.xml
Class47_dom,47579R8M850,47/4,47579,(VP-47) Class 47/4 BR Blue DO,RailVehicles\Diesel\Class47_rf2\BlueNoHL\Engine\47_4_Dom\class47_br4_Dom.xml
Class47_dom,47580R3Z580,47/4,47580,(VP-47) Class 47/4 GR BR Blue DO,RailVehicles\Diesel\Class47_rf2\BlueNoHL\Engine_Grey\47_4_Dom\class47_br4_Dom.xml
Class47_dom,47581R2C940,47/4,47581,(VP-47) Class 47/4 BR Blue DO,RailVehicles\Diesel\Class47_rf2\BlueNoHL\Engine\47_4_Dom\class47_br4_Dom.xml
Class47_dom,47582R3G700,47/4,47582,(VP-47) Class 47/4 BR Blue DO,RailVehicles\Diesel\Class47_rf2\BlueNoHL\Engine\47_4_Dom\class47_br4_Dom.xml
Class47_dom,47583R3S750,47/4,47583,(VP-47) Class 47/4 BR Blue DO,RailVehicles\Diesel\Class47_rf2\BlueNoHL\Engine\47_4_Dom\class47_br4_Dom.xml
Class47_dom,47584R6K920,47/4,47584,(VP-47) Class 47/4 GR BR Blue DO,RailVehicles\Diesel\Class47_rf2\BlueNoHL\Engine_Grey\47_4_Dom\class47_br4_Dom.xml
Class47_dom,47585R6V010,47/4,47585,(VP-47) Class 47/4 BR Blue DO,RailVehicles\Diesel\Class47_rf2\BlueNoHL\Engine\47_4_Dom\class47_br4_Dom.xml
Class47_dom,47588C3Q400,47/4,47588,(VP-47) Class 47/4 BR Blue DO,RailVehicles\Diesel\Class47_rf2\BlueNoHL\Engine\47_4_Dom\class47_br4_Dom.xml
Class47_dom,47589D5P870,47/4,47589,(VP-47) Class 47/4 BR Blue DO,RailVehicles\Diesel\Class47_rf2\BlueNoHL\Engine\47_4_Dom\class47_br4_Dom.xml
Class47_dom,47590B1S200,47/4,47590,(VP-47) Class 47/4 BR Blue DO,RailVehicles\Diesel\Class47_rf2\BlueNoHL\Engine\47_4_Dom\class47_br4_Dom.xml
Class47_dom,47592D5J280,47/4,47592,(VP-47) Class 47/4 BR Blue DO,RailVehicles\Diesel\Class47_rf2\BlueNoHL\Engine\47_4_Dom\class47_br4_Dom.xml
Class47_dom,47596R1A730,47/4,47596,(VP-47) Class 47/4 GR BR Blue DO,RailVehicles\Diesel\Class47_rf2\BlueNoHL\Engine_Grey\47_4_Dom\class47_br4_Dom.xml
Class47_dom,47598B5G990,47/4,47598,(VP-47) Class 47/4 BR Blue DO,RailVehicles\Diesel\Class47_rf2\BlueNoHL\Engine\47_4_Dom\class47_br4_Dom.xml
Class47_dom,47599B2F240,47/4,47599,(VP-47) Class 47/4 BR Blue DO,RailVehicles\Diesel\Class47_rf2\BlueNoHL\Engine\47_4_Dom\class47_br4_Dom.xml
Class47_dom,47701I7V480,47/7,47701,(VP-47) Class 47/7 GR BR Blue DO,RailVehicles\Diesel\Class47_rf2\BlueNoHL\Engine_Grey\47_7_Dom\class47_br7_Dom.xml
Class47_dom,47702I9A960,47/7,47702,(VP-47) Class 47/7 GR BR Blue DO,RailVehicles\Diesel\Class47_rf2\BlueNoHL\Engine_Grey\47_7_Dom\class47_br7_Dom.xml
Class47_dom,47703I7Z550,47/7,47703,(VP-47) Class 47/7 GR BR Blue DO,RailVehicles\Diesel\Class47_rf2\BlueNoHL\Engine_Grey\47_7_Dom\class47_br7_Dom.xml
Class47_dom,47704I9K070,47/7,47704,(VP-47) Class 47/7 GR BR Blue DO,RailVehicles\Diesel\Class47_rf2\BlueNoHL\Engine_Grey\47_7_Dom\class47_br7_Dom.xml
Class47_dom,47705I5M260,47/7,47705,(VP-47) Class 47/7 GR BR Blue DO,RailVehicles\Diesel\Class47_rf2\BlueNoHL\Engine_Grey\47_7_Dom\class47_br7_Dom.xml
Class47_dom,47706I0C710,47/7,47706,(VP-47) Class 47/7 GR BR Blue DO,RailVehicles\Diesel\Class47_rf2\BlueNoHL\Engine_Grey\47_7_Dom\class47_br7_Dom.xml
Class47_dom,47707I0P900,47/7,47707,(VP-47) Class 47/7 GR BR Blue DO,RailVehicles\Diesel\Class47_rf2\BlueNoHL\Engine_Grey\47_7_Dom\class47_br7_Dom.xml
Class47_dom,47709I6D870,47/7,47709,(VP-47) Class 47/7 GR BR Blue DO,RailVehicles\Diesel\Class47_rf2\BlueNoHL\Engine_Grey\47_7_Dom\class47_br7_Dom.xml
Class47_dom,47710I6L100,47/7,47710,(VP-47) Class 47/7 GR BR Blue DO,RailVehicles\Diesel\Class47_rf2\BlueNoHL\Engine_Grey\47_7_Dom\class47_br7_Dom.xml
Class47_dom,47711I1S770,47/7,47711,(VP-47) Class 47/7 GR BR Blue DO,RailVehicles\Diesel\Class47_rf2\BlueNoHL\Engine_Grey\47_7_Dom\class47_br7_Dom.xml
Class47_dom,47712I8T870,47/7,47712,(VP-47) Class 47/7 GR BR Blue DO,RailVehicles\Diesel\Class47_rf2\BlueNoHL\Engine_Grey\47_7_Dom\class47_br7_Dom.xml
Class47_mrk,47001A6H780,47/0,47001,(VP-47) Class 47/0 BR Blue,RailVehicles\Diesel\Class47_rf2\BlueNoHL\Engine\47_NoETH\class47_br0_Std.xml
Class47_mrk,47002B1S670,47/0,47002,(VP-47) Class 47/0 BR Blue,RailVehicles\Diesel\Class47_rf2\BlueNoHL\Engine\47_NoETH\class47_br0_Std.xml
Class47_mrk,47003R6J370,47/0,47003,(VP-47) Class 47/0 GR BR Blue,RailVehicles\Diesel\Class47_rf2\BlueNoHL\Engine_Grey\47_NoETH\class47_br0_Std.xml
Class47_mrk,47004R7I500,47/0,47004,(VP-47) Class 47/0 GR BR Blue,RailVehicles\Diesel\Class47_rf2\BlueNoHL\Engine_Grey\47_NoETH\class47_br0_Std.xml
Class47_mrk,47005R1N920,47/0,47005,(VP-47) Class 47/0 GR BR Blue,RailVehicles\Diesel\Class47_rf2\BlueNoHL\Engine_Grey\47_NoETH\class47_br0_Std.xml
Class47_mrk,47006R2T690,47/0,47006,(VP-47) Class 47/0 GR BR Blue,RailVehicles\Diesel\Class47_rf2\BlueNoHL\Engine_Grey\47_NoETH\class47_br0_Std.xml
Class47_mrk,47007R6C730,47/0,47007,(VP-47) Class 47/0 GR BR Blue,RailVehicles\Diesel\Class47_rf2\BlueNoHL\Engine_Grey\47_NoETH\class47_br0_Std.xml
Class47_mrk,47008R7G370,47/0,47008,(VP-47) Class 47/0 GR BR Blue,RailVehicles\Diesel\Class47_rf2\BlueNoHL\Engine_Grey\47_NoETH\class47_br0_Std.xml
Class47_mrk,47009G5X640,47/0,47009,(VP-47) Class 47/0 GR BR Blue,RailVehicles\Diesel\Class47_rf2\BlueNoHL\Engine_Grey\47_NoETH\class47_br0_Std.xml
Class47_mrk,47010R2G610,47/0,47010,(VP-47) Class 47/0 GR BR Blue,RailVehicles\Diesel\Class47_rf2\BlueNoHL\Engine_Grey\47_NoETH\class47_br0_Std.xml
Class47_mrk,47011G0J970,47/0,47011,(VP-47) Class 47/0 GR BR Blue,RailVehicles\Diesel\Class47_rf2\BlueNoHL\Engine_Grey\47_NoETH\class47_br0_Std.xml
Class47_mrk,47012B3C380,47/0,47012,(VP-47) Class 47/0 BR Blue,RailVehicles\Diesel\Class47_rf2\BlueNoHL\Engine\47_NoETH\class47_br0_Std.xml
Class47_mrk,47013B1A790,47/0,47013,(VP-47) Class 47/0 GR BR Blue,RailVehicles\Diesel\Class47_rf2\BlueNoHL\Engine_Grey\47_NoETH\class47_br0_Std.xml
Class47_mrk,47014R8P300,47/0,47014,(VP-47) Class 47/0 GR BR Blue,RailVehicles\Diesel\Class47_rf2\BlueNoHL\Engine_Grey\47_NoETH\class47_br0_Std.xml
Class47_mrk,47015B2L410,47/0,47015,(VP-47) Class 47/0 BR Blue,RailVehicles\Diesel\Class47_rf2\BlueNoHL\Engine\47_NoETH\class47_br0_Std.xml
Class47_mrk,47016R9Z350,47/0,47016,(VP-47) Class 47/0 GR BR Blue,RailVehicles\Diesel\Class47_rf2\BlueNoHL\Engine_Grey\47_NoETH\class47_br0_Std.xml
Class47_mrk,47096A4O090,47/0,47096,(VP-47) Class 47/0 BR Blue,RailVehicles\Diesel\Class47_rf2\BlueNoHL\Engine\47_NoETH\class47_br0_Std.xml
Class47_mrk,47097R9Q240,47/0,47097,(VP-47) Class 47/0 GR BR Blue,RailVehicles\Diesel\Class47_rf2\BlueNoHL\Engine_Grey\47_NoETH\class47_br0_Std.xml
Class47_mrk,47098C6L880,47/0,47098,(VP-47) Class 47/0 BR Blue,RailVehicles\Diesel\Class47_rf2\BlueNoHL\Engine\47_NoETH\class47_br0_Std.xml
Class47_mrk,47099R8G240,47/0,47099,(VP-47) Class 47/0 GR BR Blue,RailVehicles\Diesel\Class47_rf2\BlueNoHL\Engine_Grey\47_NoETH\class47_br0_Std.xml
Class47_mrk,47100R5S840,47/0,47100,(VP-47) Class 47/0 GR BR Blue,RailVehicles\Diesel\Class47_rf2\BlueNoHL\Engine_Grey\47_NoETH\class47_br0_Std.xml
Class47_mrk,47101A3P130,47/0,47101,(VP-47) Class 47/0 BR Blue,RailVehicles\Diesel\Class47_rf2\BlueNoHL\Engine\47_NoETH\class47_br0_Std.xml
Class47_mrk,47102C2J000,47/0,47102,(VP-47) Class 47/0 BR Blue,RailVehicles\Diesel\Class47_rf2\BlueNoHL\Engine\47_NoETH\class47_br0_Std.xml
Class47_mrk,47103D8O970,47/0,47103,(VP-47) Class 47/0 BR Blue,RailVehicles\Diesel\Class47_rf2\BlueNoHL\Engine\47_NoETH\class47_br0_Std.xml
Class47_mrk,47104A6L790,47/0,47104,(VP-47) Class 47/0 BR Blue,RailVehicles\Diesel\Class47_rf2\BlueNoHL\Engine\47_NoETH\class47_br0_Std.xml
Class47_mrk,47105D6A480,47/0,47105,(VP-47) Class 47/0 BR Blue,RailVehicles\Diesel\Class47_rf2\BlueNoHL\Engine\47_NoETH\class47_br0_Std.xml
Class47_mrk,47106A3W990,47/0,47106,(VP-47) Class 47/0 BR Blue,RailVehicles\Diesel\Class47_rf2\BlueNoHL\Engine\47_NoETH\class47_br0_Std.xml
Class47_mrk,47107B8R440,47/0,47107,(VP-47) Class 47/0 BR Blue,RailVehicles\Diesel\Class47_rf2\BlueNoHL\Engine\47_NoETH\class47_br0_Std.xml
Class47_mrk,47108B1O260,47/0,47108,(VP-47) Class 47/0 BR Blue,RailVehicles\Diesel\Class47_rf2\BlueNoHL\Engine\47_NoETH\class47_br0_Std.xml
Class47_mrk,47109B1D880,47/0,47109,(VP-47) Class 47/0 BR Blue,RailVehicles\Diesel\Class47_rf2\BlueNoHL\Engine\47_NoETH\class47_br0_Std.xml
Class47_mrk,47110B6C720,47/0,47110,(VP-47) Class 47/0 BR Blue,RailVehicles\Diesel\Class47_rf2\BlueNoHL\Engine\47_NoETH\class47_br0_Std.xml
Class47_mrk,47111A4H240,47/0,47111,(VP-47) Class 47/0 BR Blue,RailVehicles\Diesel\Class47_rf2\BlueNoHL\Engine\47_NoETH\class47_br0_Std.xml
Class47_mrk,47112R7O450,47/0,47112,(VP-47) Class 47/0 GR BR Blue,RailVehicles\Diesel\Class47_rf2\BlueNoHL\Engine_Grey\47_NoETH\class47_br0_Std.xml
Class47_mrk,47113B3E600,47/0,47113,(VP-47) Class 47/0 BR Blue,RailVehicles\Diesel\Class47_rf2\BlueNoHL\Engine\47_NoETH\class47_br0_Std.xml
Class47_mrk,47114R3W060,47/0,47114,(VP-47) Class 47/0 GR BR Blue,RailVehicles\Diesel\Class47_rf2\BlueNoHL\Engine_Grey\47_NoETH\class47_br0_Std.xml
Class47_mrk,47115R9W720,47/0,47115,(VP-47) Class 47/0 GR BR Blue,RailVehicles\Diesel\Class47_rf2\BlueNoHL\Engine_Grey\47_NoETH\class47_br0_Std.xml
Class47_mrk,47116R5L610,47/0,47116,(VP-47) Class 47/0 GR BR Blue,RailVehicles\Diesel\Class47_rf2\BlueNoHL\Engine_Grey\47_NoETH\class47_br0_Std.xml
Class47_mrk,47117R3D010,47/0,47117,(VP-47) Class 47/0 GR BR Blue,RailVehicles\Diesel\Class47_rf2\BlueNoHL\Engine_Grey\47_NoETH\class47_br0_Std.xml
Class47_mrk,47118M1V900,47/0,47118,(VP-47) Class 47/0 GR BR Blue,RailVehicles\Diesel\Class47_rf2\BlueNoHL\Engine_Grey\47_NoETH\class47_br0_Std.xml
Class47_mrk,47119A3Z770,47/0,47119,(VP-47) Class 47/0 BR Blue,RailVehicles\Diesel\Class47_rf2\BlueNoHL\Engine\47_NoETH\class47_br0_Std.xml
Class47_mrk,47120B5L720,47/0,47120,(VP-47) Class 47/0 BR Blue,RailVehicles\Diesel\Class47_rf2\BlueNoHL\Engine\47_NoETH\class47_br0_Std.xml
Class47_mrk,47121A7P480,47/0,47121,(VP-47) Class 47/0 BR Blue,RailVehicles\Diesel\Class47_rf2\BlueNoHL\Engine\47_NoETH\class47_br0_Std.xml
Class47_mrk,47122A8R930,47/0,47122,(VP-47) Class 47/0 BR Blue,RailVehicles\Diesel\Class47_rf2\BlueNoHL\Engine\47_NoETH\class47_br0_Std.xml
Class47_mrk,47123D2L790,47/0,47123,(VP-47) Class 47/0 BR Blue,RailVehicles\Diesel\Class47_rf2\BlueNoHL\Engine\47_NoETH\class47_br0_Std.xml
Class47_mrk,47124A5N420,47/0,47124,(VP-47) Class 47/0 BR Blue,RailVehicles\Diesel\Class47_rf2\BlueNoHL\Engine\47_NoETH\class47_br0_Std.xml
Class47_mrk,47125A3W760,47/0,47125,(VP-47) Class 47/0 BR Blue,RailVehicles\Diesel\Class47_rf2\BlueNoHL\Engine\47_NoETH\class47_br0_Std.xml
Class47_mrk,47126C9U590,47/0,47126,(VP-47) Class 47/0 BR Blue,RailVehicles\Diesel\Class47_rf2\BlueNoHL\Engine\47_NoETH\class47_br0_Std.xml
Class47_mrk,47128A0M030,47/0,47128,(VP-47) Class 47/0 BR Blue,RailVehicles\Diesel\Class47_rf2\BlueNoHL\Engine\47_NoETH\class47_br0_Std.xml
Class47_mrk,47129A2M030,47/0,47129,(VP-47) Class 47/0 BR Blue,RailVehicles\Diesel\Class47_rf2\BlueNoHL\Engine\47_NoETH\class47_br0_Std.xml
Class47_mrk,47130R3B940,47/0,47130,(VP-47) Class 47/0 GR BR Blue,RailVehicles\Diesel\Class47_rf2\BlueNoHL\Engine_Grey\47_NoETH\class47_br0_Std.xml
Class47_mrk,47131A8C800,47/0,47131,(VP-47) Class 47/0 BR Blue,RailVehicles\Diesel\Class47_rf2\BlueNoHL\Engine\47_NoETH\class47_br0_Std.xml
Class47_mrk,47134A6V570,47/0,47134,(VP-47) Class 47/0 BR Blue,RailVehicles\Diesel\Class47_rf2\BlueNoHL\Engine\47_NoETH\class47_br0_Std.xml
Class47_mrk,47135C8C740,47/0,47135,(VP-47) Class 47/0 BR Blue,RailVehicles\Diesel\Class47_rf2\BlueNoHL\Engine\47_NoETH\class47_br0_Std.xml
Class47_mrk,47136A5T680,47/0,47136,(VP-47) Class 47/0 BR Blue,RailVehicles\Diesel\Class47_rf2\BlueNoHL\Engine\47_NoETH\class47_br0_Std.xml
Class47_mrk,47137A2Q700,47/0,47137,(VP-47) Class 47/0 BR Blue,RailVehicles\Diesel\Class47_rf2\BlueNoHL\Engine\47_NoETH\class47_br0_Std.xml
Class47_mrk,47138A7F360,47/0,47138,(VP-47) Class 47/0 BR Blue,RailVehicles\Diesel\Class47_rf2\BlueNoHL\Engine\47_NoETH\class47_br0_Std.xml
Class47_mrk,47140A4Z550,47/0,47140,(VP-47) Class 47/0 BR Blue,RailVehicles\Diesel\Class47_rf2\BlueNoHL\Engine\47_NoETH\class47_br0_Std.xml
Class47_mrk,47141F9Z680,47/0,47141,(VP-47) Class 47/0 BR Blue,RailVehicles\Diesel\Class47_rf2\BlueNoHL\Engine\47_NoETH\class47_br0_Std.xml
Class47_mrk,47142A2K720,47/0,47142,(VP-47) Class 47/0 BR Blue,RailVehicles\Diesel\Class47_rf2\BlueNoHL\Engine\47_NoETH\class47_br0_Std.xml
Class47_mrk,47143B3B320,47/0,47143,(VP-47) Class 47/0 BR Blue,RailVehicles\Diesel\Class47_rf2\BlueNoHL\Engine\47_NoETH\class47_br0_Std.xml
Class47_mrk,47144A6A280,47/0,47144,(VP-47) Class 47/0 BR Blue,RailVehicles\Diesel\Class47_rf2\BlueNoHL\Engine\47_NoETH\class47_br0_Std.xml
Class47_mrk,47145D7F930,47/0,47145,(VP-47) Class 47/0 BR Blue,RailVehicles\Diesel\Class47_rf2\BlueNoHL\Engine\47_NoETH\class47_br0_Std.xml
Class47_mrk,47146D3T510,47/0,47146,(VP-47) Class 47/0 BR Blue,RailVehicles\Diesel\Class47_rf2\BlueNoHL\Engine\47_NoETH\class47_br0_Std.xml
Class47_mrk,47147A2E710,47/0,47147,(VP-47) Class 47/0 BR Blue,RailVehicles\Diesel\Class47_rf2\BlueNoHL\Engine\47_NoETH\class47_br0_Std.xml
Class47_mrk,47148A3U080,47/0,47148,(VP-47) Class 47/0 BR Blue,RailVehicles\Diesel\Class47_rf2\BlueNoHL\Engine\47_NoETH\class47_br0_Std.xml
Class47_mrk,47149B3H900,47/0,47149,(VP-47) Class 47/0 BR Blue,RailVehicles\Diesel\Class47_rf2\BlueNoHL\Engine\47_NoETH\class47_br0_Std.xml
Class47_mrk,47150R2G180,47/0,47150,(VP-47) Class 47/0 GR BR Blue,RailVehicles\Diesel\Class47_rf2\BlueNoHL\Engine_Grey\47_NoETH\class47_br0_Std.xml
Class47_mrk,47151B6F240,47/0,47151,(VP-47) Class 47/0 BR Blue,RailVehicles\Diesel\Class47_rf2\BlueNoHL\Engine\47_NoETH\class47_br0_Std.xml
Class47_mrk,47152A4X980,47/0,47152,(VP-47) Class 47/0 BR Blue,RailVehicles\Diesel\Class47_rf2\BlueNoHL\Engine\47_NoETH\class47_br0_Std.xml
Class47_mrk,47155C3J360,47/0,47155,(VP-47) Class 47/0 BR Blue,RailVehicles\Diesel\Class47_rf2\BlueNoHL\Engine\47_NoETH\class47_br0_Std.xml
Class47_mrk,47156H2Z250,47/0,47156,(VP-47) Class 47/0 GR BR Blue,RailVehicles\Diesel\Class47_rf2\BlueNoHL\Engine_Grey\47_NoETH\class47_br0_Std.xml
Class47_mrk,47157A0C420,47/0,47157,(VP-47) Class 47/0 BR Blue,RailVehicles\Diesel\Class47_rf2\BlueNoHL\Engine\47_NoETH\class47_br0_Std.xml
Class47_mrk,47158R1D620,47/0,47158,(VP-47) Class 47/0 GR BR Blue,RailVehicles\Diesel\Class47_rf2\BlueNoHL\Engine_Grey\47_NoETH\class47_br0_Std.xml
Class47_mrk,47159R4E270,47/0,47159,(VP-47) Class 47/0 GR BR Blue,RailVehicles\Diesel\Class47_rf2\BlueNoHL\Engine_Grey\47_NoETH\class47_br0_Std.xml
Class47_mrk,47160F6H290,47/0,47160,(VP-47) Class 47/0 BR Blue,RailVehicles\Diesel\Class47_rf2\BlueNoHL\Engine\47_NoETH\class47_br0_Std.xml
Class47_mrk,47162D0O580,47/0,47162,(VP-47) Class 47/0 GR BR Blue,RailVehicles\Diesel\Class47_rf2\BlueNoHL\Engine_Grey\47_NoETH\class47_br0_Std.xml
Class47_mrk,47163R5D220,47/0,47163,(VP-47) Class 47/0 BR Blue,RailVehicles\Diesel\Class47_rf2\BlueNoHL\Engine\47_NoETH\class47_br0_Std.xml
Class47_mrk,47164R4B340,47/0,47164,(VP-47) Class 47/0 BR Blue,RailVehicles\Diesel\Class47_rf2\BlueNoHL\Engine\47_NoETH\class47_br0_Std.xml
Class47_mrk,47165B4G420,47/0,47165,(VP-47) Class 47/0 BR Blue,RailVehicles\Diesel\Class47_rf2\BlueNoHL\Engine\47_NoETH\class47_br0_Std.xml
Class47_mrk,47166D5B660,47/0,47166,(VP-47) Class 47/0 BR Blue,RailVehicles\Diesel\Class47_rf2\BlueNoHL\Engine\47_NoETH\class47_br0_Std.xml
Class47_mrk,47167L1N820,47/0,47167,(VP-47) Class 47/0 BR Blue,RailVehicles\Diesel\Class47_rf2\BlueNoHL\Engine\47_NoETH\class47_br0_Std.xml
Class47_mrk,47168L7S450,47/0,47168,(VP-47) Class 47/0 BR Blue,RailVehicles\Diesel\Class47_rf2\BlueNoHL\Engine\47_NoETH\class47_br0_Std.xml
Class47_mrk,47169L7X920,47/0,47169,(VP-47) Class 47/0 BR Blue,RailVehicles\Diesel\Class47_rf2\BlueNoHL\Engine\47_NoETH\class47_br0_Std.xml
Class47_mrk,47170L7K120,47/0,47170,(VP-47) Class 47/0 BR Blue,RailVehicles\Diesel\Class47_rf2\BlueNoHL\Engine\47_NoETH\class47_br0_Std.xml
Class47_mrk,47171D9A080,47/0,47171,(VP-47) Class 47/0 BR Blue,RailVehicles\Diesel\Class47_rf2\BlueNoHL\Engine\47_NoETH\class47_br0_Std.xml
Class47_mrk,47172L0G150,47/0,47172,(VP-47) Class 47/0 BR Blue,RailVehicles\Diesel\Class47_rf2\BlueNoHL\Engine\47_NoETH\class47_br0_Std.xml
Class47_mrk,47173L3I360,47/0,47173,(VP-47) Class 47/0 BR Blue,RailVehicles\Diesel\Class47_rf2\BlueNoHL\Engine\47_NoETH\class47_br0_Std.xml
Class47_mrk,47174L1M060,47/0,47174,(VP-47) Class 47/0 BR Blue,RailVehicles\Diesel\Class47_rf2\BlueNoHL\Engine\47_NoETH\class47_br0_Std.xml
Class47_mrk,47175L4A460,47/0,47175,(VP-47) Class 47/0 BR Blue,RailVehicles\Diesel\Class47_rf2\BlueNoHL\Engine\47_NoETH\class47_br0_Std.xml
Class47_mrk,47176L3K410,47/0,47176,(VP-47) Class 47/0 BR Blue,RailVehicles\Diesel\Class47_rf2\BlueNoHL\Engine\47_NoETH\class47_br0_Std.xml
Class47_mrk,47186D7J080,47/0,47186,(VP-47) Class 47/0 BR Blue,RailVehicles\Diesel\Class47_rf2\BlueNoHL\Engine\47_NoETH\class47_br0_Std.xml
Class47_mrk,47187B2T680,47/0,47187,(VP-47) Class 47/0 BR Blue,RailVehicles\Diesel\Class47_rf2\BlueNoHL\Engine\47_NoETH\class47_br0_Std.xml
Class47_mrk,47188B6R570,47/0,47188,(VP-47) Class 47/0 BR Blue,RailVehicles\Diesel\Class47_rf2\BlueNoHL\Engine\47_NoETH\class47_br0_Std.xml
Class47_mrk,47189B1Y430,47/0,47189,(VP-47) Class 47/0 BR Blue,RailVehicles\Diesel\Class47_rf2\BlueNoHL\Engine\47_NoETH\class47_br0_Std.xml
Class47_mrk,47190C0C930,47/0,47190,(VP-47) Class 47/0 BR Blue,RailVehicles\Diesel\Class47_rf2\BlueNoHL\Engine\47_NoETH\class47_br0_Std.xml
Class47_mrk,47191B5Q710,47/0,47191,(VP-47) Class 47/0 BR Blue,RailVehicles\Diesel\Class47_rf2\BlueNoHL\Engine\47_NoETH\class47_br0_Std.xml
Class47_mrk,47212H3K780,47/0,47212,(VP-47) Class 47/0 BR Blue,RailVehicles\Diesel\Class47_rf2\BlueNoHL\Engine\47_NoETH\class47_br0_Std.xml
Class47_mrk,47213H4Z450,47/0,47213,(VP-47) Class 47/0 BR Blue,RailVehicles\Diesel\Class47_rf2\BlueNoHL\Engine\47_NoETH\class47_br0_Std.xml
Class47_mrk,47214L6I630,47/0,47214,(VP-47) Class 47/0 BR Blue,RailVehicles\Diesel\Class47_rf2\BlueNoHL\Engine\47_NoETH\class47_br0_Std.xml
Class47_mrk,47215H2G880,47/0,47215,(VP-47) Class 47/0 BR Blue,RailVehicles\Diesel\Class47_rf2\BlueNoHL\Engine\47_NoETH\class47_br0_Std.xml
Class47_mrk,47216J8J260,47/0,47216,(VP-47) Class 47/0 BR Blue,RailVehicles\Diesel\Class47_rf2\BlueNoHL\Engine\47_NoETH\class47_br0_Std.xml
Class47_mrk,47217H1U110,47/0,47217,(VP-47) Class 47/0 BR Blue,RailVehicles\Diesel\Class47_rf2\BlueNoHL\Engine\47_NoETH\class47_br0_Std.xml
Class47_mrk,47218C2M630,47/0,47218,(VP-47) Class 47/0 BR Blue,RailVehicles\Diesel\Class47_rf2\BlueNoHL\Engine\47_NoETH\class47_br0_Std.xml
Class47_mrk,47219T8X230,47/0,47219,(VP-47) Class 47/0 BR Blue,RailVehicles\Diesel\Class47_rf2\BlueNoHL\Engine\47_NoETH\class47_br0_Std.xml
Class47_mrk,47220H9U180,47/0,47220,(VP-47) Class 47/0 BR Blue,RailVehicles\Diesel\Class47_rf2\BlueNoHL\Engine\47_NoETH\class47_br0_Std.xml
Class47_mrk,47221L9H570,47/0,47221,(VP-47) Class 47/0 BR Blue,RailVehicles\Diesel\Class47_rf2\BlueNoHL\Engine\47_NoETH\class47_br0_Std.xml
Class47_mrk,47222L8P150,47/0,47222,(VP-47) Class 47/0 BR Blue,RailVehicles\Diesel\Class47_rf2\BlueNoHL\Engine\47_NoETH\class47_br0_Std.xml
Class47_mrk,47223L0J950,47/0,47223,(VP-47) Class 47/0 BR Blue,RailVehicles\Diesel\Class47_rf2\BlueNoHL\Engine\47_NoETH\class47_br0_Std.xml
Class47_mrk,47224D4C780,47/0,47224,(VP-47) Class 47/0 BR Blue,RailVehicles\Diesel\Class47_rf2\BlueNoHL\Engine\47_NoETH\class47_br0_Std.xml
Class47_mrk,47225D8I690,47/0,47225,(VP-47) Class 47/0 BR Blue,RailVehicles\Diesel\Class47_rf2\BlueNoHL\Engine\47_NoETH\class47_br0_Std.xml
Class47_mrk,47226D6D900,47/0,47226,(VP-47) Class 47/0 BR Blue,RailVehicles\Diesel\Class47_rf2\BlueNoHL\Engine\47_NoETH\class47_br0_Std.xml
Class47_mrk,47227C1M720,47/0,47227,(VP-47) Class 47/0 BR Blue,RailVehicles\Diesel\Class47_rf2\BlueNoHL\Engine\47_NoETH\class47_br0_Std.xml
Class47_mrk,47228C2P500,47/0,47228,(VP-47) Class 47/0 BR Blue,RailVehicles\Diesel\Class47_rf2\BlueNoHL\Engine\47_NoETH\class47_br0_Std.xml
Class47_mrk,47229B2J040,47/0,47229,(VP-47) Class 47/0 BR Blue,RailVehicles\Diesel\Class47_rf2\BlueNoHL\Engine\47_NoETH\class47_br0_Std.xml
Class47_mrk,47230D0R420,47/0,47230,(VP-47) Class 47/0 BR Blue,RailVehicles\Diesel\Class47_rf2\BlueNoHL\Engine\47_NoETH\class47_br0_Std.xml
Class47_mrk,47231D2R910,47/0,47231,(VP-47) Class 47/0 BR Blue,RailVehicles\Diesel\Class47_rf2\BlueNoHL\Engine\47_NoETH\class47_br0_Std.xml
Class47_mrk,47232H4Q840,47/0,47232,(VP-47) Class 47/0 BR Blue,RailVehicles\Diesel\Class47_rf2\BlueNoHL\Engine\47_NoETH\class47_br0_Std.xml
Class47_mrk,47233D7Z270,47/0,47233,(VP-47) Class 47/0 BR Blue,RailVehicles\Diesel\Class47_rf2\BlueNoHL\Engine\47_NoETH\class47_br0_Std.xml
Class47_mrk,47234D2K030,47/0,47234,(VP-47) Class 47/0 BR Blue,RailVehicles\Diesel\Class47_rf2\BlueNoHL\Engine\47_NoETH\class47_br0_Std.xml
Class47_mrk,47235D4V810,47/0,47235,(VP-47) Class 47/0 BR Blue,RailVehicles\Diesel\Class47_rf2\BlueNoHL\Engine\47_NoETH\class47_br0_Std.xml
Class47_mrk,47236D5I770,47/0,47236,(VP-47) Class 47/0 BR Blue,RailVehicles\Diesel\Class47_rf2\BlueNoHL\Engine\47_NoETH\class47_br0_Std.xml
Class47_mrk,47237C9E960,47/0,47237,(VP-47) Class 47/0 BR Blue,RailVehicles\Diesel\Class47_rf2\BlueNoHL\Engine\47_NoETH\class47_br0_Std.xml
Class47_mrk,47238D9C200,47/0,47238,(VP-47) Class 47/0 BR Blue,RailVehicles\Diesel\Class47_rf2\BlueNoHL\Engine\47_NoETH\class47_br0_Std.xml
Class47_mrk,47239D6H510,47/0,47239,(VP-47) Class 47/0 BR Blue,RailVehicles\Diesel\Class47_rf2\BlueNoHL\Engine\47_NoETH\class47_br0_Std.xml
Class47_mrk,47240C5X580,47/0,47240,(VP-47) Class 47/0 BR Blue,RailVehicles\Diesel\Class47_rf2\BlueNoHL\Engine\47_NoETH\class47_br0_Std.xml
Class47_mrk,47241C4D640,47/0,47241,(VP-47) Class 47/0 BR Blue,RailVehicles\Diesel\Class47_rf2\BlueNoHL\Engine\47_NoETH\class47_br0_Std.xml
Class47_mrk,47242C5V050,47/0,47242,(VP-47) Class 47/0 BR Blue,RailVehicles\Diesel\Class47_rf2\BlueNoHL\Engine\47_NoETH\class47_br0_Std.xml
Class47_mrk,47243D0W550,47/0,47243,(VP-47) Class 47/0 BR Blue,RailVehicles\Diesel\Class47_rf2\BlueNoHL\Engine\47_NoETH\class47_br0_Std.xml
Class47_mrk,47244A4G150,47/0,47244,(VP-47) Class 47/0 BR Blue,RailVehicles\Diesel\Class47_rf2\BlueNoHL\Engine\47_NoETH\class47_br0_Std.xml
Class47_mrk,47245A6O950,47/0,47245,(VP-47) Class 47/0 BR Blue,RailVehicles\Diesel\Class47_rf2\BlueNoHL\Engine\47_NoETH\class47_br0_Std.xml
Class47_mrk,47246A4F110,47/0,47246,(VP-47) Class 47/0 BR Blue,RailVehicles\Diesel\Class47_rf2\BlueNoHL\Engine\47_NoETH\class47_br0_Std.xml
Class47_mrk,47247A4O940,47/0,47247,(VP-47) Class 47/0 BR Blue,RailVehicles\Diesel\Class47_rf2\BlueNoHL\Engine\47_NoETH\class47_br0_Std.xml
Class47_mrk,47248A6C070,47/0,47248,(VP-47) Class 47/0 BR Blue,RailVehicles\Diesel\Class47_rf2\BlueNoHL\Engine\47_NoETH\class47_br0_Std.xml
Class47_mrk,47249A7C140,47/0,47249,(VP-47) Class 47/0 BR Blue,RailVehicles\Diesel\Class47_rf2\BlueNoHL\Engine\47_NoETH\class47_br0_Std.xml
Class47_mrk,47250A4I260,47/0,47250,(VP-47) Class 47/0 BR Blue,RailVehicles\Diesel\Class47_rf2\BlueNoHL\Engine\47_NoETH\class47_br0_Std.xml
Class47_mrk,47251A2H620,47/0,47251,(VP-47) Class 47/0 BR Blue,RailVehicles\Diesel\Class47_rf2\BlueNoHL\Engine\47_NoETH\class47_br0_Std.xml
Class47_mrk,47252A1A640,47/0,47252,(VP-47) Class 47/0 BR Blue,RailVehicles\Diesel\Class47_rf2\BlueNoHL\Engine\47_NoETH\class47_br0_Std.xml
Class47_mrk,47254A5C580,47/0,47254,(VP-47) Class 47/0 BR Blue,RailVehicles\Diesel\Class47_rf2\BlueNoHL\Engine\47_NoETH\class47_br0_Std.xml
Class47_mrk,47255K3U440,47/0,47255,(VP-47) Class 47/0 BR Blue,RailVehicles\Diesel\Class47_rf2\BlueNoHL\Engine\47_NoETH\class47_br0_Std.xml
Class47_mrk,47256A3Y510,47/0,47256,(VP-47) Class 47/0 BR Blue,RailVehicles\Diesel\Class47_rf2\BlueNoHL\Engine\47_NoETH\class47_br0_Std.xml
Class47_mrk,47257A7G010,47/0,47257,(VP-47) Class 47/0 BR Blue,RailVehicles\Diesel\Class47_rf2\BlueNoHL\Engine\47_NoETH\class47_br0_Std.xml
Class47_mrk,47258A3N300,47/0,47258,(VP-47) Class 47/0 BR Blue,RailVehicles\Diesel\Class47_rf2\BlueNoHL\Engine\47_NoETH\class47_br0_Std.xml
Class47_mrk,47260B4R430,47/0,47260,(VP-47) Class 47/0 BR Blue,RailVehicles\Diesel\Class47_rf2\BlueNoHL\Engine\47_NoETH\class47_br0_Std.xml
Class47_mrk,47299L1P390,47/0,47299,(VP-47) Class 47/0 BR Blue,RailVehicles\Diesel\Class47_rf2\BlueNoHL\Engine\47_NoETH\class47_br0_Std.xml
Class47_mrk,47301J6Z050,47/3,47301,(VP-47) Class 47/3 BR Blue,RailVehicles\Diesel\Class47_rf2\BlueNoHL\Engine\47_NoETH\class47_br3_Std.xml
Class47_mrk,47302J1D940,47/3,47302,(VP-47) Class 47/3 BR Blue,RailVehicles\Diesel\Class47_rf2\BlueNoHL\Engine\47_NoETH\class47_br3_Std.xml
Class47_mrk,47303L8I270,47/3,47303,(VP-47) Class 47/3 BR Blue,RailVehicles\Diesel\Class47_rf2\BlueNoHL\Engine\47_NoETH\class47_br3_Std.xml
Class47_mrk,47304J9F300,47/3,47304,(VP-47) Class 47/3 BR Blue,RailVehicles\Diesel\Class47_rf2\BlueNoHL\Engine\47_NoETH\class47_br3_Std.xml
Class47_mrk,47305S4S280,47/3,47305,(VP-47) Class 47/3 BR Blue,RailVehicles\Diesel\Class47_rf2\BlueNoHL\Engine\47_NoETH\class47_br3_Std.xml
Class47_mrk,47306B6K540,47/3,47306,(VP-47) Class 47/3 BR Blue,RailVehicles\Diesel\Class47_rf2\BlueNoHL\Engine\47_NoETH\class47_br3_Std.xml
Class47_mrk,47307H5X270,47/3,47307,(VP-47) Class 47/3 BR Blue,RailVehicles\Diesel\Class47_rf2\BlueNoHL\Engine\47_NoETH\class47_br3_Std.xml
Class47_mrk,47308N4S140,47/3,47308,(VP-47) Class 47/3 BR Blue,RailVehicles\Diesel\Class47_rf2\BlueNoHL\Engine\47_NoETH\class47_br3_Std.xml
Class47_mrk,47309C6H930,47/3,47309,(VP-47) Class 47/3 BR Blue,RailVehicles\Diesel\Class47_rf2\BlueNoHL\Engine\47_NoETH\class47_br3_Std.xml
Class47_mrk,47310H2J850,47/3,47310,(VP-47) Class 47/3 BR Blue,RailVehicles\Diesel\Class47_rf2\BlueNoHL\Engine\47_NoETH\class47_br3_Std.xml
Class47_mrk,47311R6L300,47/3,47311,(VP-47) Class 47/3 GR BR Blue,RailVehicles\Diesel\Class47_rf2\BlueNoHL\Engine_Grey\47_NoETH\class47_br3_Std.xml
Class47_mrk,47312L3R680,47/3,47312,(VP-47) Class 47/3 BR Blue,RailVehicles\Diesel\Class47_rf2\BlueNoHL\Engine\47_NoETH\class47_br3_Std.xml
Class47_mrk,47313R6P930,47/3,47313,(VP-47) Class 47/3 BR Blue,RailVehicles\Diesel\Class47_rf2\BlueNoHL\Engine\47_NoETH\class47_br3_Std.xml
Class47_mrk,47314C6X660,47/3,47314,(VP-47) Class 47/3 BR Blue,RailVehicles\Diesel\Class47_rf2\BlueNoHL\Engine\47_NoETH\class47_br3_Std.xml
Class47_mrk,47315B2F760,47/3,47315,(VP-47) Class 47/3 BR Blue,RailVehicles\Diesel\Class47_rf2\BlueNoHL\Engine\47_NoETH\class47_br3_Std.xml
Class47_mrk,47316L1F480,47/3,47316,(VP-47) Class 47/3 BR Blue,RailVehicles\Diesel\Class47_rf2\BlueNoHL\Engine\47_NoETH\class47_br3_Std.xml
Class47_mrk,47317A4J050,47/3,47317,(VP-47) Class 47/3 BR Blue,RailVehicles\Diesel\Class47_rf2\BlueNoHL\Engine\47_NoETH\class47_br3_Std.xml
Class47_mrk,47318B8F290,47/3,47318,(VP-47) Class 47/3 BR Blue,RailVehicles\Diesel\Class47_rf2\BlueNoHL\Engine\47_NoETH\class47_br3_Std.xml
Class47_mrk,47319F3J130,47/3,47319,(VP-47) Class 47/3 BR Blue,RailVehicles\Diesel\Class47_rf2\BlueNoHL\Engine\47_NoETH\class47_br3_Std.xml
Class47_mrk,47320B9N850,47/3,47320,(VP-47) Class 47/3 BR Blue,RailVehicles\Diesel\Class47_rf2\BlueNoHL\Engine\47_NoETH\class47_br3_Std.xml
Class47_mrk,47321C3L840,47/3,47321,(VP-47) Class 47/3 BR Blue,RailVehicles\Diesel\Class47_rf2\BlueNoHL\Engine\47_NoETH\class47_br3_Std.xml
Class47_mrk,47322C1Y030,47/3,47322,(VP-47) Class 47/3 BR Blue,RailVehicles\Diesel\Class47_rf2\BlueNoHL\Engine\47_NoETH\class47_br3_Std.xml
Class47_mrk,47323C4J450,47/3,47323,(VP-47) Class 47/3 BR Blue,RailVehicles\Diesel\Class47_rf2\BlueNoHL\Engine\47_NoETH\class47_br3_Std.xml
Class47_mrk,47324B5J020,47/3,47324,(VP-47) Class 47/3 BR Blue,RailVehicles\Diesel\Class47_rf2\BlueNoHL\Engine\47_NoETH\class47_br3_Std.xml
Class47_mrk,47325C6Y470,47/3,47325,(VP-47) Class 47/3 BR Blue,RailVehicles\Diesel\Class47_rf2\BlueNoHL\Engine\47_NoETH\class47_br3_Std.xml
Class47_mrk,47326B5B930,47/3,47326,(VP-47) Class 47/3 BR Blue,RailVehicles\Diesel\Class47_rf2\BlueNoHL\Engine\47_NoETH\class47_br3_Std.xml
Class47_mrk,47327A5R450,47/3,47327,(VP-47) Class 47/3 BR Blue,RailVehicles\Diesel\Class47_rf2\BlueNoHL\Engine\47_NoETH\class47_br3_Std.xml
Class47_mrk,47328C7C080,47/3,47328,(VP-47) Class 47/3 BR Blue,RailVehicles\Diesel\Class47_rf2\BlueNoHL\Engine\47_NoETH\class47_br3_Std.xml
Class47_mrk,47329C6M820,47/3,47329,(VP-47) Class 47/3 BR Blue,RailVehicles\Diesel\Class47_rf2\BlueNoHL\Engine\47_NoETH\class47_br3_Std.xml
Class47_mrk,47330B9W520,47/3,47330,(VP-47) Class 47/3 BR Blue,RailVehicles\Diesel\Class47_rf2\BlueNoHL\Engine\47_NoETH\class47_br3_Std.xml
Class47_mrk,47331B5R950,47/3,47331,(VP-47) Class 47/3 BR Blue,RailVehicles\Diesel\Class47_rf2\BlueNoHL\Engine\47_NoETH\class47_br3_Std.xml
Class47_mrk,47332B7Y020,47/3,47332,(VP-47) Class 47/3 BR Blue,RailVehicles\Diesel\Class47_rf2\BlueNoHL\Engine\47_NoETH\class47_br3_Std.xml
Class47_mrk,47333B7I220,47/3,47333,(VP-47) Class 47/3 BR Blue,RailVehicles\Diesel\Class47_rf2\BlueNoHL\Engine\47_NoETH\class47_br3_Std.xml
Class47_mrk,47334B6D860,47/3,47334,(VP-47) Class 47/3 BR Blue,RailVehicles\Diesel\Class47_rf2\BlueNoHL\Engine\47_NoETH\class47_br3_Std.xml
Class47_mrk,47335B3V270,47/3,47335,(VP-47) Class 47/3 BR Blue,RailVehicles\Diesel\Class47_rf2\BlueNoHL\Engine\47_NoETH\class47_br3_Std.xml
Class47_mrk,47336B3V630,47/3,47336,(VP-47) Class 47/3 BR Blue,RailVehicles\Diesel\Class47_rf2\BlueNoHL\Engine\47_NoETH\class47_br3_Std.xml
Class47_mrk,47337B8T120,47/3,47337,(VP-47) Class 47/3 BR Blue,RailVehicles\Diesel\Class47_rf2\BlueNoHL\Engine\47_NoETH\class47_br3_Std.xml
Class47_mrk,47338B9N240,47/3,47338,(VP-47) Class 47/3 BR Blue,RailVehicles\Diesel\Class47_rf2\BlueNoHL\Engine\47_NoETH\class47_br3_Std.xml
Class47_mrk,47339B5M370,47/3,47339,(VP-47) Class 47/3 BR Blue,RailVehicles\Diesel\Class47_rf2\BlueNoHL\Engine\47_NoETH\class47_br3_Std.xml
Class47_mrk,47340C4F820,47/3,47340,(VP-47) Class 47/3 BR Blue,RailVehicles\Diesel\Class47_rf2\BlueNoHL\Engine\47_NoETH\class47_br3_Std.xml
Class47_mrk,47341B5M050,47/3,47341,(VP-47) Class 47/3 BR Blue,RailVehicles\Diesel\Class47_rf2\BlueNoHL\Engine\47_NoETH\class47_br3_Std.xml
Class47_mrk,47342C2I570,47/3,47342,(VP-47) Class 47/3 BR Blue,RailVehicles\Diesel\Class47_rf2\BlueNoHL\Engine\47_NoETH\class47_br3_Std.xml
Class47_mrk,47343C5P030,47/3,47343,(VP-47) Class 47/3 BR Blue,RailVehicles\Diesel\Class47_rf2\BlueNoHL\Engine\47_NoETH\class47_br3_Std.xml
Class47_mrk,47344B6X460,47/3,47344,(VP-47) Class 47/3 BR Blue,RailVehicles\Diesel\Class47_rf2\BlueNoHL\Engine\47_NoETH\class47_br3_Std.xml
Class47_mrk,47345C0F630,47/3,47345,(VP-47) Class 47/3 BR Blue,RailVehicles\Diesel\Class47_rf2\BlueNoHL\Engine\47_NoETH\class47_br3_Std.xml
Class47_mrk,47346C7H360,47/3,47346,(VP-47) Class 47/3 BR Blue,RailVehicles\Diesel\Class47_rf2\BlueNoHL\Engine\47_NoETH\class47_br3_Std.xml
Class47_mrk,47347C2X350,47/3,47347,(VP-47) Class 47/3 BR Blue,RailVehicles\Diesel\Class47_rf2\BlueNoHL\Engine\47_NoETH\class47_br3_Std.xml
Class47_mrk,47348C4N310,47/3,47348,(VP-47) Class 47/3 BR Blue,RailVehicles\Diesel\Class47_rf2\BlueNoHL\Engine\47_NoETH\class47_br3_Std.xml
Class47_mrk,47349C1Q200,47/3,47349,(VP-47) Class 47/3 BR Blue,RailVehicles\Diesel\Class47_rf2\BlueNoHL\Engine\47_NoETH\class47_br3_Std.xml
Class47_mrk,47350C5B030,47/3,47350,(VP-47) Class 47/3 BR Blue,RailVehicles\Diesel\Class47_rf2\BlueNoHL\Engine\47_NoETH\class47_br3_Std.xml
Class47_mrk,47351C2X780,47/3,47351,(VP-47) Class 47/3 BR Blue,RailVehicles\Diesel\Class47_rf2\BlueNoHL\Engine\47_NoETH\class47_br3_Std.xml
Class47_mrk,47352C9M010,47/3,47352,(VP-47) Class 47/3 BR Blue,RailVehicles\Diesel\Class47_rf2\BlueNoHL\Engine\47_NoETH\class47_br3_Std.xml
Class47_mrk,47353C9G780,47/3,47353,(VP-47) Class 47/3 BR Blue,RailVehicles\Diesel\Class47_rf2\BlueNoHL\Engine\47_NoETH\class47_br3_Std.xml
Class47_mrk,47354C1S950,47/3,47354,(VP-47) Class 47/3 BR Blue,RailVehicles\Diesel\Class47_rf2\BlueNoHL\Engine\47_NoETH\class47_br3_Std.xml
Class47_mrk,47355C7T140,47/3,47355,(VP-47) Class 47/3 BR Blue,RailVehicles\Diesel\Class47_rf2\BlueNoHL\Engine\47_NoETH\class47_br3_Std.xml
Class47_mrk,47356C5C780,47/3,47356,(VP-47) Class 47/3 BR Blue,RailVehicles\Diesel\Class47_rf2\BlueNoHL\Engine\47_NoETH\class47_br3_Std.xml
Class47_mrk,47357C4Y830,47/3,47357,(VP-47) Class 47/3 BR Blue,RailVehicles\Diesel\Class47_rf2\BlueNoHL\Engine\47_NoETH\class47_br3_Std.xml
Class47_mrk,47358C3J640,47/3,47358,(VP-47) Class 47/3 BR Blue,RailVehicles\Diesel\Class47_rf2\BlueNoHL\Engine\47_NoETH\class47_br3_Std.xml
Class47_mrk,47359C4B500,47/3,47359,(VP-47) Class 47/3 BR Blue,RailVehicles\Diesel\Class47_rf2\BlueNoHL\Engine\47_NoETH\class47_br3_Std.xml
Class47_mrk,47360F6B840,47/3,47360,(VP-47) Class 47/3 BR Blue,RailVehicles\Diesel\Class47_rf2\BlueNoHL\Engine\47_NoETH\class47_br3_Std.xml
Class47_mrk,47361L6S680,47/3,47361,(VP-47) Class 47/3 BR Blue,RailVehicles\Diesel\Class47_rf2\BlueNoHL\Engine\47_NoETH\class47_br3_Std.xml
Class47_mrk,47362R0C040,47/3,47362,(VP-47) Class 47/3 GR BR Blue,RailVehicles\Diesel\Class47_rf2\BlueNoHL\Engine_Grey\47_NoETH\class47_br3_Std.xml
Class47_mrk,47363R4G430,47/3,47363,(VP-47) Class 47/3 BR Blue,RailVehicles\Diesel\Class47_rf2\BlueNoHL\Engine\47_NoETH\class47_br3_Std.xml
Class47_mrk,47364C6E310,47/3,47364,(VP-47) Class 47/3 BR Blue,RailVehicles\Diesel\Class47_rf2\BlueNoHL\Engine\47_NoETH\class47_br3_Std.xml
Class47_mrk,47365C7W250,47/3,47365,(VP-47) Class 47/3 BR Blue,RailVehicles\Diesel\Class47_rf2\BlueNoHL\Engine\47_NoETH\class47_br3_Std.xml
Class47_mrk,47366C3R850,47/3,47366,(VP-47) Class 47/3 BR Blue,RailVehicles\Diesel\Class47_rf2\BlueNoHL\Engine\47_NoETH\class47_br3_Std.xml
Class47_mrk,47367C2C240,47/3,47367,(VP-47) Class 47/3 BR Blue,RailVehicles\Diesel\Class47_rf2\BlueNoHL\Engine\47_NoETH\class47_br3_Std.xml
Class47_mrk,47368C1V150,47/3,47368,(VP-47) Class 47/3 BR Blue,RailVehicles\Diesel\Class47_rf2\BlueNoHL\Engine\47_NoETH\class47_br3_Std.xml
Class47_mrk,47369C3G840,47/3,47369,(VP-47) Class 47/3 BR Blue,RailVehicles\Diesel\Class47_rf2\BlueNoHL\Engine\47_NoETH\class47_br3_Std.xml
Class47_mrk,47370L7R390,47/3,47370,(VP-47) Class 47/3 BR Blue,RailVehicles\Diesel\Class47_rf2\BlueNoHL\Engine\47_NoETH\class47_br3_Std.xml
Class47_mrk,47371J4R560,47/3,47371,(VP-47) Class 47/3 BR Blue,RailVehicles\Diesel\Class47_rf2\BlueNoHL\Engine\47_NoETH\class47_br3_Std.xml
Class47_mrk,47372J4J650,47/3,47372,(VP-47) Class 47/3 BR Blue,RailVehicles\Diesel\Class47_rf2\BlueNoHL\Engine\47_NoETH\class47_br3_Std.xml
Class47_mrk,47373J3C190,47/3,47373,(VP-47) Class 47/3 BR Blue,RailVehicles\Diesel\Class47_rf2\BlueNoHL\Engine\47_NoETH\class47_br3_Std.xml
Class47_mrk,47374D8J030,47/3,47374,(VP-47) Class 47/3 BR Blue,RailVehicles\Diesel\Class47_rf2\BlueNoHL\Engine\47_NoETH\class47_br3_Std.xml
Class47_mrk,47375J1E970,47/3,47375,(VP-47) Class 47/3 BR Blue,RailVehicles\Diesel\Class47_rf2\BlueNoHL\Engine\47_NoETH\class47_br3_Std.xml
Class47_mrk,47376C8K540,47/3,47376,(VP-47) Class 47/3 BR Blue,RailVehicles\Diesel\Class47_rf2\BlueNoHL\Engine\47_NoETH\class47_br3_Std.xml
Class47_mrk,47377B8G510,47/3,47377,(VP-47) Class 47/3 BR Blue,RailVehicles\Diesel\Class47_rf2\BlueNoHL\Engine\47_NoETH\class47_br3_Std.xml
Class47_mrk,47378B4D880,47/3,47378,(VP-47) Class 47/3 BR Blue,RailVehicles\Diesel\Class47_rf2\BlueNoHL\Engine\47_NoETH\class47_br3_Std.xml
Class47_mrk,47379D2I360,47/3,47379,(VP-47) Class 47/3 BR Blue,RailVehicles\Diesel\Class47_rf2\BlueNoHL\Engine\47_NoETH\class47_br3_Std.xml
Class47_mrk,47380L5G190,47/3,47380,(VP-47) Class 47/3 BR Blue,RailVehicles\Diesel\Class47_rf2\BlueNoHL\Engine\47_NoETH\class47_br3_Std.xml
Class47_mrk,47381B3M990,47/3,47381,(VP-47) Class 47/3 BR Blue,RailVehicles\Diesel\Class47_rf2\BlueNoHL\Engine\47_NoETH\class47_br3_Std.xml
Class47_mrk,47401G3B840,47/4,47401,(VP-47) Class 47/4 BR Blue,RailVehicles\Diesel\Class47_rf2\BlueNoHL\Engine\47_4\class47_br4_Std.xml
Class47_mrk,47402G6B190,47/4,47402,(VP-47) Class 47/4 BR Blue,RailVehicles\Diesel\Class47_rf2\BlueNoHL\Engine\47_4\class47_br4_Std.xml
Class47_mrk,47403G1R450,47/4,47403,(VP-47) Class 47/4 BR Blue,RailVehicles\Diesel\Class47_rf2\BlueNoHL\Engine\47_4\class47_br4_Std.xml
Class47_mrk,47404G2M670,47/4,47404,(VP-47) Class 47/4 BR Blue,RailVehicles\Diesel\Class47_rf2\BlueNoHL\Engine\47_4\class47_br4_Std.xml
Class47_mrk,47405G7U190,47/4,47405,(VP-47) Class 47/4 BR Blue,RailVehicles\Diesel\Class47_rf2\BlueNoHL\Engine\47_4\class47_br4_Std.xml
Class47_mrk,47406G3K300,47/4,47406,(VP-47) Class 47/4 BR Blue,RailVehicles\Diesel\Class47_rf2\BlueNoHL\Engine\47_4\class47_br4_Std.xml
Class47_mrk,47407G5Q680,47/4,47407,(VP-47) Class 47/4 BR Blue,RailVehicles\Diesel\Class47_rf2\BlueNoHL\Engine\47_4\class47_br4_Std.xml
Class47_mrk,47408G6M730,47/4,47408,(VP-47) Class 47/4 BR Blue,RailVehicles\Diesel\Class47_rf2\BlueNoHL\Engine\47_4\class47_br4_Std.xml
Class47_mrk,47409G8L870,47/4,47409,(VP-47) Class 47/4 BR Blue,RailVehicles\Diesel\Class47_rf2\BlueNoHL\Engine\47_4\class47_br4_Std.xml
Class47_mrk,47410G7P940,47/4,47410,(VP-47) Class 47/4 BR Blue,RailVehicles\Diesel\Class47_rf2\BlueNoHL\Engine\47_4\class47_br4_Std.xml
Class47_mrk,47411G1A230,47/4,47411,(VP-47) Class 47/4 BR Blue,RailVehicles\Diesel\Class47_rf2\BlueNoHL\Engine\47_4\class47_br4_Std.xml
Class47_mrk,47412G3X220,47/4,47412,(VP-47) Class 47/4 BR Blue,RailVehicles\Diesel\Class47_rf2\BlueNoHL\Engine\47_4\class47_br4_Std.xml
Class47_mrk,47413G1Y430,47/4,47413,(VP-47) Class 47/4 BR Blue,RailVehicles\Diesel\Class47_rf2\BlueNoHL\Engine\47_4\class47_br4_Std.xml
Class47_mrk,47414G8R940,47/4,47414,(VP-47) Class 47/4 BR Blue,RailVehicles\Diesel\Class47_rf2\BlueNoHL\Engine\47_4\class47_br4_Std.xml
Class47_mrk,47415G4S360,47/4,47415,(VP-47) Class 47/4 BR Blue,RailVehicles\Diesel\Class47_rf2\BlueNoHL\Engine\47_4\class47_br4_Std.xml
Class47_mrk,47416H2Y730,47/4,47416,(VP-47) Class 47/4 BR Blue,RailVehicles\Diesel\Class47_rf2\BlueNoHL\Engine\47_4\class47_br4_Std.xml
Class47_mrk,47417H1F380,47/4,47417,(VP-47) Class 47/4 BR Blue,RailVehicles\Diesel\Class47_rf2\BlueNoHL\Engine\47_4\class47_br4_Std.xml
Class47_mrk,47418H7A180,47/4,47418,(VP-47) Class 47/4 BR Blue,RailVehicles\Diesel\Class47_rf2\BlueNoHL\Engine\47_4\class47_br4_Std.xml
Class47_mrk,47419H2I440,47/4,47419,(VP-47) Class 47/4 BR Blue,RailVehicles\Diesel\Class47_rf2\BlueNoHL\Engine\47_4\class47_br4_Std.xml
Class47_mrk,47420H8Z430,47/4,47420,(VP-47) Class 47/4 BR Blue,RailVehicles\Diesel\Class47_rf2\BlueNoHL\Engine\47_4\class47_br4_Std.xml
Class47_mrk,47421G1S990,47/4,47421,(VP-47) Class 47/4 BR Blue,RailVehicles\Diesel\Class47_rf2\BlueNoHL\Engine\47_4\class47_br4_Std.xml
Class47_mrk,47422G0O170,47/4,47422,(VP-47) Class 47/4 BR Blue,RailVehicles\Diesel\Class47_rf2\BlueNoHL\Engine\47_4\class47_br4_Std.xml
Class47_mrk,47423G6J470,47/4,47423,(VP-47) Class 47/4 BR Blue,RailVehicles\Diesel\Class47_rf2\BlueNoHL\Engine\47_4\class47_br4_Std.xml
Class47_mrk,47424B2X000,47/4,47424,(VP-47) Class 47/4 BR Blue,RailVehicles\Diesel\Class47_rf2\BlueNoHL\Engine\47_4\class47_br4_Std.xml
Class47_mrk,47425G8E100,47/4,47425,(VP-47) Class 47/4 BR Blue,RailVehicles\Diesel\Class47_rf2\BlueNoHL\Engine\47_4\class47_br4_Std.xml
Class47_mrk,47426R9G310,47/4,47426,(VP-47) Class 47/4 GR BR Blue,RailVehicles\Diesel\Class47_rf2\BlueNoHL\Engine_Grey\47_4\class47_br4_Std.xml
Class47_mrk,47427F5Z480,47/4,47427,(VP-47) Class 47/4 BR Blue,RailVehicles\Diesel\Class47_rf2\BlueNoHL\Engine\47_4\class47_br4_Std.xml
Class47_mrk,47428G5N900,47/4,47428,(VP-47) Class 47/4 BR Blue,RailVehicles\Diesel\Class47_rf2\BlueNoHL\Engine\47_4\class47_br4_Std.xml
Class47_mrk,47429G9H460,47/4,47429,(VP-47) Class 47/4 BR Blue,RailVehicles\Diesel\Class47_rf2\BlueNoHL\Engine\47_4\class47_br4_Std.xml
Class47_mrk,47430G3Z540,47/4,47430,(VP-47) Class 47/4 BR Blue,RailVehicles\Diesel\Class47_rf2\BlueNoHL\Engine\47_4\class47_br4_Std.xml
Class47_mrk,47431G5R400,47/4,47431,(VP-47) Class 47/4 BR Blue,RailVehicles\Diesel\Class47_rf2\BlueNoHL\Engine\47_4\class47_br4_Std.xml
Class47_mrk,47432B5T540,47/4,47432,(VP-47) Class 47/4 BR Blue,RailVehicles\Diesel\Class47_rf2\BlueNoHL\Engine\47_4\class47_br4_Std.xml
Class47_mrk,47433B3S220,47/4,47433,(VP-47) Class 47/4 BR Blue,RailVehicles\Diesel\Class47_rf2\BlueNoHL\Engine\47_4\class47_br4_Std.xml
Class47_mrk,47434B8O650,47/4,47434,(VP-47) Class 47/4 BR Blue,RailVehicles\Diesel\Class47_rf2\BlueNoHL\Engine\47_4\class47_br4_Std.xml
Class47_mrk,47485B0N760,47/4,47485,(VP-47) Class 47/4 BR Blue,RailVehicles\Diesel\Class47_rf2\BlueNoHL\Engine\47_4\class47_br4_Std.xml
Class47_mrk,47486B7R040,47/4,47486,(VP-47) Class 47/4 BR Blue,RailVehicles\Diesel\Class47_rf2\BlueNoHL\Engine\47_4\class47_br4_Std.xml
Class47_mrk,47487B1O310,47/4,47487,(VP-47) Class 47/4 BR Blue,RailVehicles\Diesel\Class47_rf2\BlueNoHL\Engine\47_4\class47_br4_Std.xml
Class47_mrk,47488B5D540,47/4,47488,(VP-47) Class 47/4 BR Blue,RailVehicles\Diesel\Class47_rf2\BlueNoHL\Engine\47_4\class47_br4_Std.xml
Class47_mrk,47489B2F900,47/4,47489,(VP-47) Class 47/4 BR Blue,RailVehicles\Diesel\Class47_rf2\BlueNoHL\Engine\47_4\class47_br4_Std.xml
Class47_mrk,47490B1B660,47/4,47490,(VP-47) Class 47/4 BR Blue,RailVehicles\Diesel\Class47_rf2\BlueNoHL\Engine\47_4\class47_br4_Std.xml
Class47_mrk,47491B7Y170,47/4,47491,(VP-47) Class 47/4 BR Blue,RailVehicles\Diesel\Class47_rf2\BlueNoHL\Engine\47_4\class47_br4_Std.xml
Class47_mrk,47492Q7Y170,47/4,47492,(VP-47) Class 47/4 BR Blue,RailVehicles\Diesel\Class47_rf2\BlueNoHL\Engine\47_4\class47_br4_Std.xml
Class47_mrk,47493A5D540,47/4,47493,(VP-47) Class 47/4 BR Blue,RailVehicles\Diesel\Class47_rf2\BlueNoHL\Engine\47_4\class47_br4_Std.xml
Class47_mrk,47494A8J490,47/4,47494,(VP-47) Class 47/4 BR Blue,RailVehicles\Diesel\Class47_rf2\BlueNoHL\Engine\47_4\class47_br4_Std.xml
Class47_mrk,47495A7E790,47/4,47495,(VP-47) Class 47/4 BR Blue,RailVehicles\Diesel\Class47_rf2\BlueNoHL\Engine\47_4\class47_br4_Std.xml
Class47_mrk,47496A9E960,47/4,47496,(VP-47) Class 47/4 BR Blue,RailVehicles\Diesel\Class47_rf2\BlueNoHL\Engine\47_4\class47_br4_Std.xml
Class47_mrk,47497A0R190,47/4,47497,(VP-47) Class 47/4 BR Blue,RailVehicles\Diesel\Class47_rf2\BlueNoHL\Engine\47_4\class47_br4_Std.xml
Class47_mrk,47498A4K520,47/4,47498,(VP-47) Class 47/4 BR Blue,RailVehicles\Diesel\Class47_rf2\BlueNoHL\Engine\47_4\class47_br4_Std.xml
Class47_mrk,47499A3U120,47/4,47499,(VP-47) Class 47/4 BR Blue,RailVehicles\Diesel\Class47_rf2\BlueNoHL\Engine\47_4\class47_br4_Std.xml
Class47_mrk,47500A9W720,47/4,47500,(VP-47) Class 47/4 BR Blue,RailVehicles\Diesel\Class47_rf2\BlueNoHL\Engine\47_4\class47_br4_Std.xml
Class47_mrk,47501B7V010,47/4,47501,(VP-47) Class 47/4 BR Blue,RailVehicles\Diesel\Class47_rf2\BlueNoHL\Engine\47_4\class47_br4_Std.xml
Class47_mrk,47502A1U320,47/4,47502,(VP-47) Class 47/4 BR Blue,RailVehicles\Diesel\Class47_rf2\BlueNoHL\Engine\47_4\class47_br4_Std.xml
Class47_mrk,47503B1R580,47/4,47503,(VP-47) Class 47/4 BR Blue,RailVehicles\Diesel\Class47_rf2\BlueNoHL\Engine\47_4\class47_br4_Std.xml
Class47_mrk,47504I7O210,47/4,47504,(VP-47) Class 47/4 BR Blue,RailVehicles\Diesel\Class47_rf2\BlueNoHL\Engine\47_4\class47_br4_Std.xml
Class47_mrk,47505A3M310,47/4,47505,(VP-47) Class 47/4 BR Blue,RailVehicles\Diesel\Class47_rf2\BlueNoHL\Engine\47_4\class47_br4_Std.xml
Class47_mrk,47506A3G440,47/4,47506,(VP-47) Class 47/4 BR Blue,RailVehicles\Diesel\Class47_rf2\BlueNoHL\Engine\47_4\class47_br4_Std.xml
Class47_mrk,47507A8J320,47/4,47507,(VP-47) Class 47/4 BR Blue,RailVehicles\Diesel\Class47_rf2\BlueNoHL\Engine\47_4\class47_br4_Std.xml
Class47_mrk,47508C5Q670,47/4,47508,(VP-47) Class 47/4 BR Blue,RailVehicles\Diesel\Class47_rf2\BlueNoHL\Engine\47_4\class47_br4_Std.xml
Class47_mrk,47509A0T880,47/4,47509,(VP-47) Class 47/4 BR Blue,RailVehicles\Diesel\Class47_rf2\BlueNoHL\Engine\47_4\class47_br4_Std.xml
Class47_mrk,47510I5F520,47/4,47510,(VP-47) Class 47/4 BR Blue,RailVehicles\Diesel\Class47_rf2\BlueNoHL\Engine\47_4\class47_br4_Std.xml
Class47_mrk,47511I6O540,47/4,47511,(VP-47) Class 47/4 BR Blue,RailVehicles\Diesel\Class47_rf2\BlueNoHL\Engine\47_4\class47_br4_Std.xml
Class47_mrk,47512P3E150,47/4,47512,(VP-47) Class 47/4 BR Blue,RailVehicles\Diesel\Class47_rf2\BlueNoHL\Engine\47_4\class47_br4_Std.xml
Class47_mrk,47513P2P190,47/4,47513,(VP-47) Class 47/4 BR Blue,RailVehicles\Diesel\Class47_rf2\BlueNoHL\Engine\47_4\class47_br4_Std.xml
Class47_mrk,47514I1D330,47/4,47514,(VP-47) Class 47/4 BR Blue,RailVehicles\Diesel\Class47_rf2\BlueNoHL\Engine\47_4\class47_br4_Std.xml
Class47_mrk,47515I4J550,47/4,47515,(VP-47) Class 47/4 BR Blue,RailVehicles\Diesel\Class47_rf2\BlueNoHL\Engine\47_4\class47_br4_Std.xml
Class47_mrk,47530C7Q100,47/4,47530,(VP-47) Class 47/4 BR Blue,RailVehicles\Diesel\Class47_rf2\BlueNoHL\Engine\47_4\class47_br4_Std.xml
Class47_mrk,47539C3Z520,47/4,47539,(VP-47) Class 47/4 BR Blue,RailVehicles\Diesel\Class47_rf2\BlueNoHL\Engine\47_4\class47_br4_Std.xml
Class47_mrk,47540C1K680,47/4,47540,(VP-47) Class 47/4 BR Blue,RailVehicles\Diesel\Class47_rf2\BlueNoHL\Engine\47_4\class47_br4_Std.xml
Class47_mrk,47541F2S030,47/4,47541,(VP-47) Class 47/4 BR Blue,RailVehicles\Diesel\Class47_rf2\BlueNoHL\Engine\47_4\class47_br4_Std.xml
Class47_mrk,47546B6K960,47/4,47546,(VP-47) Class 47/4 BR Blue,RailVehicles\Diesel\Class47_rf2\BlueNoHL\Engine\47_4\class47_br4_Std.xml
Class47_mrk,47549G6K900,47/4,47549,(VP-47) Class 47/4 BR Blue,RailVehicles\Diesel\Class47_rf2\BlueNoHL\Engine\47_4\class47_br4_Std.xml
Class47_mrk,47550F5H130,47/4,47550,(VP-47) Class 47/4 BR Blue,RailVehicles\Diesel\Class47_rf2\BlueNoHL\Engine\47_4\class47_br4_Std.xml
Class47_mrk,47551P7P540,47/4,47551,(VP-47) Class 47/4 BR Blue,RailVehicles\Diesel\Class47_rf2\BlueNoHL\Engine\47_4\class47_br4_Std.xml
Class47_mrk,47552H4H500,47/4,47552,(VP-47) Class 47/4 BR Blue,RailVehicles\Diesel\Class47_rf2\BlueNoHL\Engine\47_4\class47_br4_Std.xml
Class47_mrk,47553C2R180,47/4,47553,(VP-47) Class 47/4 BR Blue,RailVehicles\Diesel\Class47_rf2\BlueNoHL\Engine\47_4\class47_br4_Std.xml
Class47_mrk,47554B6A390,47/4,47554,(VP-47) Class 47/4 BR Blue,RailVehicles\Diesel\Class47_rf2\BlueNoHL\Engine\47_4\class47_br4_Std.xml
Class47_mrk,47555C7M380,47/4,47555,(VP-47) Class 47/4 BR Blue,RailVehicles\Diesel\Class47_rf2\BlueNoHL\Engine\47_4\class47_br4_Std.xml
Class47_mrk,47571R6P520,47/4,47571,(VP-47) Class 47/4 BR Blue,RailVehicles\Diesel\Class47_rf2\BlueNoHL\Engine\47_4\class47_br4_Std.xml
Class47_mrk,47572L5R980,47/4,47572,(VP-47) Class 47/4 BR Blue,RailVehicles\Diesel\Class47_rf2\BlueNoHL\Engine\47_4\class47_br4_Std.xml
Class47_mrk,47573R6H050,47/4,47573,(VP-47) Class 47/4 BR Blue,RailVehicles\Diesel\Class47_rf2\BlueNoHL\Engine\47_4\class47_br4_Std.xml
Class47_mrk,47574R6G510,47/4,47574,(VP-47) Class 47/4 BR Blue,RailVehicles\Diesel\Class47_rf2\BlueNoHL\Engine\47_4\class47_br4_Std.xml
Class47_mrk,47575D9P440,47/4,47575,(VP-47) Class 47/4 BR Blue,RailVehicles\Diesel\Class47_rf2\BlueNoHL\Engine\47_4\class47_br4_Std.xml
Class47_mrk,47576R8S550,47/4,47576,(VP-47) Class 47/4 GR BR Blue,RailVehicles\Diesel\Class47_rf2\BlueNoHL\Engine_Grey\47_4\class47_br4_Std.xml
Class47_mrk,47577R2N810,47/4,47577,(VP-47) Class 47/4 BR Blue,RailVehicles\Diesel\Class47_rf2\BlueNoHL\Engine\47_4\class47_br4_Std.xml
Class47_mrk,47578F5D380,47/4,47578,(VP-47) Class 47/4 BR Blue,RailVehicles\Diesel\Class47_rf2\BlueNoHL\Engine\47_4\class47_br4_Std.xml
Class47_mrk,47579R8M850,47/4,47579,(VP-47) Class 47/4 BR Blue,RailVehicles\Diesel\Class47_rf2\BlueNoHL\Engine\47_4\class47_br4_Std.xml
Class47_mrk,47580R3Z580,47/4,47580,(VP-47) Class 47/4 GR BR Blue,RailVehicles\Diesel\Class47_rf2\BlueNoHL\Engine_Grey\47_4\class47_br4_Std.xml
Class47_mrk,47581R2C940,47/4,47581,(VP-47) Class 47/4 BR Blue,RailVehicles\Diesel\Class47_rf2\BlueNoHL\Engine\47_4\class47_br4_Std.xml
Class47_mrk,47582R3G700,47/4,47582,(VP-47) Class 47/4 BR Blue,RailVehicles\Diesel\Class47_rf2\BlueNoHL\Engine\47_4\class47_br4_Std.xml
Class47_mrk,47583R3S750,47/4,47583,(VP-47) Class 47/4 BR Blue,RailVehicles\Diesel\Class47_rf2\BlueNoHL\Engine\47_4\class47_br4_Std.xml
Class47_mrk,47584R6K920,47/4,47584,(VP-47) Class 47/4 GR BR Blue,RailVehicles\Diesel\Class47_rf2\BlueNoHL\Engine_Grey\47_4\class47_br4_Std.xml
Class47_mrk,47585R6V010,47/4,47585,(VP-47) Class 47/4 BR Blue,RailVehicles\Diesel\Class47_rf2\BlueNoHL\Engine\47_4\class47_br4_Std.xml
Class47_mrk,47588C3Q400,47/4,47588,(VP-47) Class 47/4 BR Blue,RailVehicles\Diesel\Class47_rf2\BlueNoHL\Engine\47_4\class47_br4_Std.xml
Class47_mrk,47589D5P870,47/4,47589,(VP-47) Class 47/4 BR Blue,RailVehicles\Diesel\Class47_rf2\BlueNoHL\Engine\47_4\class47_br4_Std.xml
Class47_mrk,47590B1S200,47/4,47590,(VP-47) Class 47/4 BR Blue,RailVehicles\Diesel\Class47_rf2\BlueNoHL\Engine\47_4\class47_br4_Std.xml
Class47_mrk,47592D5J280,47/4,47592,(VP-47) Class 47/4 BR Blue,RailVehicles\Diesel\Class47_rf2\BlueNoHL\Engine\47_4\class47_br4_Std.xml
Class47_mrk,47596R1A730,47/4,47596,(VP-47) Class 47/4 GR BR Blue,RailVehicles\Diesel\Class47_rf2\BlueNoHL\Engine_Grey\47_4\class47_br4_Std.xml
Class47_mrk,47598B5G990,47/4,47598,(VP-47) Class 47/4 BR Blue,RailVehicles\Diesel\Class47_rf2\BlueNoHL\Engine\47_4\class47_br4_Std.xml
Class47_mrk,47599B2F240,47/4,47599,(VP-47) Class 47/4 BR Blue,RailVehicles\Diesel\Class47_rf2\BlueNoHL\Engine\47_4\class47_br4_Std.xml
Class47_mrk,47701I7V480,47/7,47701,(VP-47) Class 47/7 GR BR Blue,RailVehicles\Diesel\Class47_rf2\BlueNoHL\Engine_Grey\47_7\class47_br7_Std.xml
Class47_mrk,47702I9A960,47/7,47702,(VP-47) Class 47/7 GR BR Blue,RailVehicles\Diesel\Class47_rf2\BlueNoHL\Engine_Grey\47_7\class47_br7_Std.xml
Class47_mrk,47703I7Z550,47/7,47703,(VP-47) Class 47/7 GR BR Blue,RailVehicles\Diesel\Class47_rf2\BlueNoHL\Engine_Grey\47_7\class47_br7_Std.xml
Class47_mrk,47704I9K070,47/7,47704,(VP-47) Class 47/7 GR BR Blue,RailVehicles\Diesel\Class47_rf2\BlueNoHL\Engine_Grey\47_7\class47_br7_Std.xml
Class47_mrk,47705I5M260,47/7,47705,(VP-47) Class 47/7 GR BR Blue,RailVehicles\Diesel\Class47_rf2\BlueNoHL\Engine_Grey\47_7\class47_br7_Std.xml
Class47_mrk,47706I0C710,47/7,47706,(VP-47) Class 47/7 GR BR Blue,RailVehicles\Diesel\Class47_rf2\BlueNoHL\Engine_Grey\47_7\class47_br7_Std.xml
Class47_mrk,47707I0P900,47/7,47707,(VP-47) Class 47/7 GR BR Blue,RailVehicles\Diesel\Class47_rf2\BlueNoHL\Engine_Grey\47_7\class47_br7_Std.xml
Class47_mrk,47709I6D870,47/7,47709,(VP-47) Class 47/7 GR BR Blue,RailVehicles\Diesel\Class47_rf2\BlueNoHL\Engine_Grey\47_7\class47_br7_Std.xml
Class47_mrk,47710I6L100,47/7,47710,(VP-47) Class 47/7 GR BR Blue,RailVehicles\Diesel\Class47_rf2\BlueNoHL\Engine_Grey\47_7\class47_br7_Std.xml
Class47_mrk,47711I1S770,47/7,47711,(VP-47) Class 47/7 GR BR Blue,RailVehicles\Diesel\Class47_rf2\BlueNoHL\Engine_Grey\47_7\class47_br7_Std.xml
Class47_mrk,47712I8T870,47/7,47712,(VP-47) Class 47/7 GR BR Blue,RailVehicles\Diesel\Class47_rf2\BlueNoHL\Engine_Grey\47_7\class47_br7_Std.xml